Packet_Size,Duration,Anomaly,Status
109.93428306022466,97.2347139765763,1,Normal
112.95377076201385,130.46059712816052,1,Normal
95.31693250553329,95.3172608610164,1,Normal
131.58425631014782,115.34869458305818,1,Normal
90.61051228130096,110.8512008717193,1,Normal
90.73164614375075,90.68540492859486,1,Normal
104.83924543132068,61.73439510684404,1,Normal
65.50164334973934,88.75424941518054,1,Normal
79.74337759331152,106.28494665190547,1,Normal
81.83951848957578,71.75392597329417,1,Normal
129.31297537843108,95.4844739902693,1,Normal
101.35056409375848,71.50503627573087,1,Normal
89.11234550949635,102.21845179419732,1,Normal
76.98012845155395,107.51396036691344,1,Normal
87.9872262016239,94.16612500413447,1,Normal
87.96586775541206,137.04556369017877,1,Normal
99.73005550524132,78.84578142088199,1,Normal
116.45089824206377,75.58312700057955,1,Normal
104.1772719000951,60.80659752240449,1,Normal
73.43627902203139,103.93722471738246,1,Normal
114.76933159990821,103.4273656237994,1,Normal
97.68703435223519,93.97792608821422,1,Normal
70.42956019265145,85.60311583210583,1,Normal
90.78722458080425,121.1424445243783,1,Normal
106.87236579136923,64.73919689274533,1,Normal
106.4816793878959,92.29835439167367,1,Normal
86.46155999388083,112.23352577681736,1,Normal
120.61999044991902,118.62560238232398,1,Normal
83.21564953554723,93.81575248297571,1,Normal
106.62526862807128,119.51090254244718,1,Normal
90.4165152430942,96.28682046672365,1,Normal
77.87330051987944,76.07586751838659,1,Normal
116.25051644788397,127.12480057141646,1,Normal
98.55979756839332,120.07065795784048,1,Normal
107.23272050095268,87.09760490789752,1,Normal
107.22791211016828,130.76073132931938,1,Normal
99.28347921780097,131.29287311628013,1,Normal
47.60509791820511,116.43805008750448,1,Normal
101.74094136476343,94.01985299068265,1,Normal
101.83521553071004,60.248621707982146,1,Normal
95.60656224324975,107.14225143023492,1,Normal
129.55788089483033,89.63459563452705,1,Normal
83.83012794213624,89.96485912830927,1,Normal
118.30804235404148,106.57502219319369,1,Normal
89.40479592465923,110.26534866226712,1,Normal
101.9415509869608,119.37289981065778,1,Normal
85.95893812245295,93.44675706804463,1,Normal
92.15783693735685,70.72970103735763,1,Normal
105.92240554129152,105.22110544359779,1,Normal
100.10226913284922,95.30825733249706,1,Normal
71.69258515899172,91.58709354469282,1,Normal
93.14570966946461,83.95445461556761,1,Normal
96.77428576667981,108.08101713629077,1,Normal
137.7237180242106,103.49155625663678,1,Normal
105.15100781445528,98.51108168467665,1,Normal
61.62457569401917,99.46972249101566,1,Normal
101.20460419882053,149.26484224970574,1,Normal
96.15278070437755,106.03094684667225,1,Normal
99.30576460589513,76.62643924760935,1,Normal
122.85645629030041,115.03866065373549,1,Normal
115.82063894086093,81.81225090410521,1,Normal
128.05588621872198,71.96297874415438,1,Normal
111.73714187600541,143.80911251619958,1,Normal
80.18927349738624,88.67404540794456,1,Normal
101.99302730175282,89.93048691767602,1,Normal
68.98673137867735,101.37125949612054,1,Normal
78.7539257254779,109.47184861270364,1,Normal
81.61151531532394,130.9986881003508,1,Normal
84.33493415327526,93.55876967588648,1,Normal
116.27034434739339,75.3827136713209,1,Normal
104.54919869208258,126.14285508564856,1,Normal
67.85033530877544,103.69267717064608,1,Normal
105.19765588496847,115.6364574355462,1,Normal
75.26098578243835,73.59086773831447,1,Normal
110.43883131233795,105.93969346466372,1,Normal
105.00985700691753,106.9289641899395,1,Normal
86.39950556843019,104.64507394322007,1,Normal
105.86144946597362,85.71297163947264,1,Normal
137.31549022289514,109.47665841823576,1,Normal
76.17393005594703,113.1310721726766,1,Normal
80.50636659545357,115.74169207484904,1,Normal
123.17191158014808,83.5863536329658,1,Normal
119.26752258488644,108.25561853872996,1,Normal
116.4412031998898,137.93585965307895,1,Normal
95.09223767994258,84.9252767128502,1,Normal
82.20971140748954,83.68379430069123,1,Normal
98.45796581171791,106.82303949633288,1,Normal
105.53381598660039,116.54366498072048,1,Normal
100.26003783755814,129.07068154314635,1,Normal
94.70686333524088,154.40338333179238,1,Normal
112.51334695530012,82.85684887167434,1,Normal
78.58215003877775,109.64944830486371,1,Normal
95.53074429348298,114.28000988184183,1,Normal
109.4647524914709,98.54342174686255,1,Normal
83.06412563863191,69.70305550628271,1,Normal
91.06970095865958,117.12797588646944,1,Normal
104.28187488260409,75.08522442576023,1,Normal
103.46361851702363,107.70634759457674,1,Normal
82.32285127597734,103.07450211891056,1,Normal
101.16417436892,77.14059404338754,1,Normal
107.15574720696567,111.21569052736469,1,Normal
121.66102486350553,121.07604104069806,1,Normal
72.44661264085818,81.24349920169755,1,Normal
110.3007053441732,110.27571901824417,1,Normal
110.30095372612095,177.05462981309444,1,Normal
111.41781021386333,122.71131280361197,1,Normal
119.08003526986406,113.02782502611596,1,Normal
93.69461510719309,115.17938440986535,1,Normal
84.54349570924856,95.26362786519982,1,Normal
90.29272904341794,101.63748278772646,1,Normal
146.29317133347018,62.65469614816504,1,Normal
113.72520380749027,67.74568257620697,1,Normal
90.56136268421133,121.77901193934733,1,Normal
101.28560038190926,78.44510444141387,1,Normal
85.69392581480064,113.59195497869352,1,Normal
85.39266736565727,104.3291717916395,1,Normal
100.91143679807628,86.96799304788365,1,Normal
142.8788817865065,112.67838044636022,1,Normal
59.49714826684786,103.72908629538856,1,Normal
86.76427070463224,117.04866669592448,1,Normal
84.14958523134598,97.70527117066202,1,Normal
110.09974557960915,117.31510388340243,1,Normal
75.99407185888447,93.30997528318103,1,Normal
90.50109377678088,86.93341534852576,1,Normal
135.30908480562192,108.09963421921911,1,Normal
74.78232091329909,118.35723894109552,1,Normal
142.44312394025266,120.64930521102293,1,Normal
69.61260068091974,90.31531854267497,1,Normal
125.33822298373245,85.84661068762438,1,Normal
108.87638856292457,115.49268106858673,1,Normal
81.46139056843833,98.809492878764,1,Normal
35.17465319861854,79.51224717331421,-1,Anomaly
94.9486369721368,75.04433636070301,1,Normal
132.64822607863272,71.39717244078734,1,Normal
91.19911026606033,102.61481154572182,1,Normal
128.82546578132232,71.2827569764112,1,Normal
123.26327504309918,100.20466122039174,1,Normal
80.36982697904098,109.24206948526542,1,Normal
103.9811939114694,87.9956624568241,1,Normal
101.39604169980038,92.2937280627648,1,Normal
102.27034690502497,113.24261349042094,1,Normal
131.72033632290703,75.24369002346302,1,Normal
142.66066749312535,60.958244009549965,1,Normal
96.96429809928833,111.76634412969153,1,Normal
105.61983735470065,87.54600960358812,1,Normal
95.83755499285449,90.13998130682334,1,Normal
88.21270486111577,116.99204194042049,1,Normal
107.14030971930094,86.14180809478691,1,Normal
117.99199750866501,106.14599041753219,1,Normal
116.2572423767792,112.59257683847224,1,Normal
83.42009978155855,88.79637919606061,1,Normal
114.94587210246523,112.2074053086693,1,Normal
99.58196812071704,102.34654766617564,1,Normal
125.5532979157685,88.1685722232834,1,Normal
110.94194762340075,95.95614695132213,1,Normal
95.6463759354556,121.9755370397438,1,Normal
116.5083269797606,116.27019272001277,1,Normal
126.10957614308658,100.42007683265518,1,Normal
113.63905942589928,93.79466486813088,1,Normal
106.48332704976885,97.39713891264631,1,Normal
101.93991929985437,111.90314050873828,1,Normal
83.63558633533054,141.8477455137092,1,Normal
79.87965237000596,75.71622774424536,1,Normal
123.16221747000135,115.83325387925872,1,Normal
112.4823963410431,112.5669101852856,1,Normal
99.7550645430617,82.05491257028336,1,Normal
101.51609116387452,86.45676576975777,1,Normal
119.50239466835502,97.05885236995722,1,Normal
83.49005606414977,93.57228316694014,1,Normal
108.25862908551248,88.7255089439205,1,Normal
83.55559208867137,104.87374422983825,1,Normal
104.89933142217446,89.8611364925774,1,Normal
90.57923388763355,104.64099874715272,1,Normal
71.03831317005351,71.8507245124689,1,Normal
85.63111557495128,95.73105696576306,1,Normal
106.2181513119601,129.50712433899105,1,Normal
117.15319246404039,96.80122940073146,1,Normal
99.61967584194622,79.94941270724382,1,Normal
99.6297372801522,94.22682722159723,1,Normal
106.45437120676179,83.45538112895355,1,Normal
110.38693028482345,130.65477826005156,1,Normal
97.82479703086285,108.03423444197882,1,Normal
113.80287983422225,91.97559056228327,1,Normal
104.48184963620834,100.2518480156359,1,Normal
101.95352197097664,84.53980432289067,1,Normal
100.49020348517885,109.95996582490899,1,Normal
129.02287215590084,119.18541652170414,1,Normal
143.06364915023113,84.65304874223901,1,Normal
117.44641273441357,103.66684011476704,1,Normal
143.79605866435344,83.83403429289697,1,Normal
83.20556315638447,88.01214709111956,1,Normal
57.52208551380386,89.48489956638478,1,Normal
84.81734676892604,103.00787572952416,1,Normal
106.83511951554318,137.52341678431773,1,Normal
119.008476763721,88.46192688675194,1,Normal
82.03170657303284,109.83838343013011,1,Normal
73.59533585958715,136.62917531708706,1,Normal
123.58880241442574,90.6164869579059,1,Normal
65.73730941818245,127.07744748330825,1,Normal
97.70920309494764,124.75632623946923,1,Normal
68.11144682411266,88.01249954092454,1,Normal
100.10487399436366,100.93961187529484,1,Normal
90.99869057041512,112.45699864694997,1,Normal
78.6475914123481,97.15241029957413,1,Normal
102.40591263423798,110.28877668117498,1,Normal
114.2322975617778,77.50715816324262,1,Normal
69.31771658528756,125.55353643797018,1,Normal
106.64628023959183,85.03026926886892,1,Normal
131.02303951045047,102.31349268585717,1,Normal
123.58594368127653,101.35036962820217,1,Normal
141.21495849763974,135.10681684886407,1,Normal
95.02071703041852,119.43141901908712,1,Normal
112.90751899170294,127.37263115064698,1,Normal
80.70153078839792,113.72102919996878,1,Normal
121.16848973699176,64.82521027153771,1,Normal
76.3348297466845,59.21535644479799,1,Normal
94.61186331110885,114.35084511591924,1,Normal
130.04714104192055,101.4818956083955,1,Normal
132.57231091142583,72.39797083570217,1,Normal
65.9323512128969,98.88904602206762,1,Normal
107.68130897878615,99.34610503811814,1,Normal
58.65115799920247,98.21759920974424,1,Normal
73.91060998990294,113.39345097660077,1,Normal
107.33196492193696,81.2024042734529,1,Normal
89.72266165326613,78.81572956222097,1,Normal
98.74641805453656,119.10284641002477,1,Normal
80.28547907328912,110.08093031035689,1,Normal
89.39484763255118,84.14254335475312,1,Normal
97.85939280090885,79.29515355161251,1,Normal
88.92701389305635,76.04244214822303,1,Normal
139.2945026583278,100.70527103943458,1,Normal
86.00548984014829,104.27959821468444,1,Normal
97.7534390061834,95.58060800933553,1,Normal
112.2833340008685,115.1501542009461,1,Normal
89.38997704778944,88.4836351871064,1,Normal
94.49896605696712,53.9615767052883,1,Normal
69.69617875602896,127.3374853488905,1,Normal
132.89935427002567,95.01927920887243,1,Normal
111.53113926111533,106.22500309087073,1,Normal
161.57761616910477,122.39149822869153,1,Normal
97.44164817038467,80.88919118799149,1,Normal
67.87107359484855,104.06927271734446,1,Normal
84.87298509431393,71.55492580804652,1,Normal
87.06854231514947,78.3690399277121,1,Normal
133.74283270145128,117.63279513898901,1,Normal
99.84054717366766,129.59888277780053,1,Normal
101.54736615295236,82.77431597343472,1,Normal
130.46248154539313,110.77820087369318,1,Normal
79.25507691347087,96.19322643832784,1,Normal
82.48763493230486,72.34400538071327,1,Normal
118.52355095063282,138.1883328094026,1,Normal
72.02864852361718,111.25938473381142,1,Normal
86.98714861756346,90.25749232470608,1,Normal
88.15212151522262,82.72018460640368,1,Normal
100.97043255889653,83.38099767177924,1,Normal
105.40913651559677,98.99523781101726,1,Normal
95.2210390626718,81.84872675916804,1,Normal
88.46457338863334,115.10782451651512,1,Normal
110.01834375248761,80.44889510402898,1,Normal
101.98664610858452,115.02774246743579,1,Normal
66.61189437757257,110.8672038475987,1,Normal
86.74752482108306,111.41197337186318,1,Normal
84.73481686914967,63.90235798670962,1,Normal
67.44915124233674,100.96169893322764,1,Normal
105.19445003442964,81.91366749791183,1,Normal
112.77184917554747,66.7695987546208,1,Normal
98.67840402705367,75.77967600475087,1,Normal
86.96327784395682,100.94797342632828,1,Normal
82.79173269432096,92.30888911540349,1,Normal
120.1258561842888,88.46216260953702,1,Normal
116.71384224130284,77.40586290684763,1,Normal
110.59608355830565,128.83137241315802,1,Normal
50.56710999745421,84.06209489059046,1,Normal
111.5414425436108,95.93909227914014,1,Normal
107.42291746742617,87.92029626568359,1,Normal
101.731795749458,96.88645529215842,1,Normal
123.35564123319614,105.08841686602426,1,Normal
106.75205324150404,91.76246067755065,1,Normal
90.24787551855013,91.34883624360758,1,Normal
107.88904284756593,91.58031038359474,1,Normal
105.79549713792827,141.50801597290877,1,Normal
117.42249406863385,93.47952935664318,1,Normal
124.02427844327889,91.83849253956897,1,Normal
59.23750929644292,79.83827378165192,1,Normal
62.58416157948289,92.96973031917383,1,Normal
100.36836758379103,133.52874624550566,1,Normal
106.53854747528325,95.61798942382272,1,Normal
116.58811162366979,55.7772938198423,1,Normal
104.71229116217131,115.41730387773933,1,Normal
70.42827508440317,122.87508086413858,1,Normal
106.76992814988829,91.69424172198397,1,Normal
112.6556373221257,145.41385715608791,1,Normal
103.6373251011699,104.96441172600672,1,Normal
90.81278200919512,83.00311261070416,1,Normal
116.60671633088491,82.87832348182266,1,Normal
101.43132474438785,90.44685106469767,1,Normal
109.57959651492784,106.67324210573896,1,Normal
120.75079888515799,89.79967202290506,1,Normal
94.60250129413258,80.42472568435386,1,Normal
91.11413479847776,107.54600986089704,1,Normal
115.13977233290704,81.5566935164475,1,Normal
117.3921184021132,127.11275717609902,1,Normal
108.26869806447402,137.53591625116132,1,Normal
84.52421601792854,75.10690593377166,1,Normal
64.42559502191443,129.92088622978366,1,Normal
113.08731312708116,98.8883065817909,1,Normal
105.59937252639641,77.49021905403247,1,Normal
148.91503959233654,102.58442363950455,1,Normal
102.18789589209786,114.51533247797384,1,Normal
109.62018463473427,104.47768048558262,1,Normal
84.19051089109377,109.42936714271991,1,Normal
137.6404899295007,126.90840092309955,1,Normal
131.86373253278794,89.7756864713763,1,Normal
80.20790359482838,97.48426159800704,1,Normal
101.11449824577389,121.88383036941897,1,Normal
66.15070740570361,130.59100638921228,1,Normal
96.83984202842021,91.4623786010516,1,Normal
79.75791249479664,66.90286656268461,1,Normal
116.46341167923829,101.46635934376808,1,Normal
74.20078200517892,74.09842455872769,1,Normal
93.28430601419744,133.38043050578784,1,Normal
94.8081729727279,69.93714093763788,1,Normal
95.08513871828112,94.54552860504658,1,Normal
46.06226714116857,98.91410266964375,1,Normal
95.38130939582643,113.92412729626837,1,Normal
136.9791218989069,122.53130059095514,1,Normal
94.62222618890338,77.86948182516659,1,Normal
151.4671960649972,101.18436868028977,1,Normal
100.27858583825892,99.51749825779993,1,Normal
103.9616952153571,97.11279176152115,1,Normal
88.52675986239527,89.06282117519216,1,Normal
99.34493459568003,89.1315045773247,1,Normal
85.74308434645671,102.12860455383793,1,Normal
94.90045565158289,130.0798597716538,1,Normal
46.980603832139764,121.83013703844924,1,Normal
124.92170384995258,58.53219535183701,1,Normal
93.14624811839303,92.57118268008418,1,Normal
71.84976610564357,84.4436662481825,1,Normal
77.78848309068343,135.04540886847246,1,Normal
118.71356786294922,125.43110189988317,1,Normal
114.4334412808647,77.41896457565542,1,Normal
89.50959467440452,109.78749122455837,1,Normal
75.55744382216109,114.25996860344776,1,Normal
95.1934920368373,92.50358384900805,1,Normal
114.21919936406982,108.8852662297208,1,Normal
92.7806766836184,123.18659606728497,1,Normal
78.37873344800205,112.31871213888527,1,Normal
111.86202515936768,93.80907121372019,1,Normal
106.52266044484236,74.97772847229393,1,Normal
118.48054038413802,96.30195727114022,1,Normal
89.54553958961921,120.98018451673778,1,Normal
85.91312618914482,71.83077407272881,1,Normal
68.86741652952193,112.12019902691279,1,Normal
74.39141295007434,135.0958836396873,1,Normal
58.36141184232556,133.92912736580075,1,Normal
104.22034934405237,98.06573776259215,1,Normal
89.10161826382101,107.98272228704141,1,Normal
99.24730595150304,122.06603764033042,1,Normal
102.28455297324079,103.00603522923755,1,Normal
92.72775575572288,98.86108752557865,1,Normal
106.15603537784118,65.7966321468675,1,Normal
73.03629155788573,114.8652818804543,1,Normal
103.41730876255883,96.32033327294641,1,Normal
100.36867866130787,106.95163410723342,1,Normal
89.20480639381277,84.43390549195375,1,Normal
103.91690510195363,80.43254444769936,1,Normal
108.16505511428943,65.9483279152432,1,Normal
120.58311274651288,109.45194964826086,1,Normal
105.12059468627751,119.65381967891028,1,Normal
133.30948888925153,120.2874013003626,1,Normal
63.182515373367096,74.40846066528597,1,Normal
87.50362844608642,100.52182100421668,1,Normal
110.35318040938246,85.48512373693069,1,Normal
103.73533528954157,84.89234135293356,1,Normal
87.76964394016103,71.86677806303555,1,Normal
81.53533507778192,72.96630788767332,1,Normal
80.48253494045335,121.07283593215679,1,Normal
81.01202222336114,152.64764129674782,1,Normal
109.86635801761778,103.69672247389748,1,Normal
82.83284439637573,114.00619758817983,1,Normal
88.48724347524453,102.44019629290723,1,Normal
151.2016907653759,98.078802005507,1,Normal
122.98546652571352,85.93647149748224,1,Normal
99.30023019006076,135.4160127127102,1,Normal
87.46065884424465,136.24897115993858,1,Normal
114.1550387091095,88.75066448211464,1,Normal
112.64815478111042,119.4510889925346,1,Normal
112.43619924434392,68.59550560219087,1,Normal
85.45725648350263,95.0496272889699,1,Normal
98.51133141799907,112.41344195101357,1,Normal
103.55402001866507,73.29311282579798,1,Normal
107.60395702011927,112.21171490567646,1,Normal
111.1958089586208,121.61561451109243,1,Normal
116.67844309097808,109.18360158456873,1,Normal
98.59668577082707,66.78078132968017,1,Normal
108.59236438265171,104.15375374326223,1,Normal
105.43157674390747,74.46502848359381,1,Normal
78.37886919183475,121.06305706665808,1,Normal
99.2088969228669,113.63001394745248,1,Normal
100.56636752260923,100.59512278991491,1,Normal
118.76567611951995,89.67910543565252,1,Normal
101.92241553881966,90.75449422589915,1,Normal
91.31007545135368,93.81655753062721,1,Normal
104.44267543267426,90.42502756673045,1,Normal
125.11512251147042,82.10785395560993,1,Normal
96.26256711677281,91.2053788345165,1,Normal
128.93955768707465,103.93109553023149,1,Normal
120.6368907893727,70.28879253926056,1,Normal
105.34100531738518,117.79261591246873,1,Normal
101.64567978550848,121.30960750130703,1,Normal
89.65423099799256,128.1869488037116,1,Normal
145.977962472385,92.74322879120682,1,Normal
91.08994957198456,129.067689542354,1,Normal
131.59144291461425,89.54279945693463,1,Normal
91.59626365808285,94.36430782278985,1,Normal
73.11098977931445,81.62696107031604,1,Normal
79.91718466495864,84.64404869791743,1,Normal
99.30630225226437,104.68429465073041,1,Normal
131.01000985628153,80.03291918522419,1,Normal
119.68644796953167,95.72022311548982,1,Normal
99.01072580695134,113.49638984333208,1,Normal
77.54555956875403,107.64819492368102,1,Normal
103.32904416426112,109.84902528016298,1,Normal
105.78337287815636,149.1060027982179,1,Normal
87.24520031497369,89.38006089996365,1,Normal
87.53718947150472,88.8904576167949,1,Normal
87.25225745386965,123.78033062215104,1,Normal
128.4100849597971,88.58507412501048,1,Normal
83.35288853791542,109.42831112772808,1,Normal
88.95553911438057,112.65863635511022,1,Normal
104.058460417026,69.68511770005536,1,Normal
130.95010402660122,135.91755346191044,1,Normal
87.74422619031228,92.24596880128031,1,Normal
105.7173078144981,106.6891357997405,1,Normal
113.1708854534566,140.204090775327,1,Normal
96.461055450119,84.03405510923092,1,Normal
72.41361543970946,85.38139920116161,1,Normal
99.33746054252406,135.89115727035576,1,Normal
89.64777401927657,104.47575903277797,1,Normal
99.67154207854496,123.76786546896167,1,Normal
150.53864851747244,89.38262454159359,1,Normal
90.21121114963556,120.88321754138144,1,Normal
113.63782979252623,136.93414651472068,1,Normal
111.67856370651927,92.81415818425882,1,Normal
111.81309661384618,122.17407161165815,1,Normal
116.40964362394729,110.14548062214595,1,Normal
121.33349379178307,123.38591180891345,1,Normal
127.64317982075055,112.97419775179286,1,Normal
96.65763839366291,102.93427372866645,1,Normal
124.13017933016714,83.66128658025528,1,Normal
107.37346617745803,92.13322375345278,1,Normal
100.57489645869634,125.56903725214598,1,Normal
103.82198136039807,100.92873096312297,1,Normal
72.80287718040162,114.92507132054442,1,Normal
112.9096836228215,143.2650944661092,1,Normal
93.84443530093998,104.38300655327878,1,Normal
104.9876736742151,131.5490655952695,1,Normal
98.09408935226095,105.58043051540679,1,Normal
112.15793019433079,103.73218246312716,1,Normal
91.07132770898943,103.88179985796616,1,Normal
121.47263499719544,79.4696940117788,1,Normal
102.65939348293752,85.99758370121654,1,Normal
123.90093257849685,69.5362619043245,1,Normal
88.82156305456823,107.54423750129041,1,Normal
131.31048058468681,98.68499477854024,1,Normal
88.89600946613604,137.6231413888118,1,Normal
71.03972199167512,56.023880867598365,1,Normal
108.80028900106664,89.95891551294778,1,Normal
79.57534365738573,114.16712894598706,1,Normal
104.87601427542398,88.71842738526543,1,Normal
74.39391202658211,117.44914656560289,1,Normal
113.00402355917322,98.01648272441234,1,Normal
136.9327399209533,78.59830467347695,1,Normal
69.48949658150522,86.16183860237511,1,Normal
99.08827967289004,104.86678898645384,1,Normal
95.1752788428734,107.04110793028593,1,Normal
74.96921151619112,128.8752920814652,1,Normal
98.35697643214863,122.34591663176255,1,Normal
106.85450692755408,109.13506438307567,1,Normal
111.39534560464408,108.9541712003463,1,Normal
112.85445519735087,126.58305060264863,1,Normal
103.9304233940294,114.18007515177024,1,Normal
98.20528611425547,128.80234430898946,1,Normal
86.4721539588146,136.0188086582163,1,Normal
99.19684098711313,71.38449795763904,1,Normal
102.56208829821578,86.37896685050238,1,Normal
116.81287097977449,86.94752041395218,1,Normal
91.07633133570441,62.209185381089384,1,Normal
90.95387361501847,51.52241346742087,1,Normal
68.32194353028554,115.20829312288595,1,Normal
115.71600317301665,108.50915123569929,1,Normal
80.66047713741574,99.0457728771604,1,Normal
99.92794921818863,76.83270621614915,1,Normal
130.067966035343,117.54724581151342,1,Normal
95.58071652340672,100.53771677989062,1,Normal
104.16765615895105,59.16530263151419,1,Normal
95.05645234958806,86.36031504004403,1,Normal
79.96759980210169,94.3779941422809,1,Normal
135.95373053699046,112.8168572253402,1,Normal
88.57642020434406,111.45165562712317,1,Normal
127.98710873172004,118.49267365825537,1,Normal
101.19260739840348,87.06126444588853,1,Normal
113.96446627227179,107.86970770843499,1,Normal
117.90386440055465,112.70343603363939,1,Normal
120.9910543063867,89.29529576878863,1,Normal
126.34788131268651,103.95199209384799,1,Normal
141.5052174525053,86.21624363820864,1,Normal
134.719276063305,103.95821566925295,1,Normal
86.97163992771104,90.32228331891356,1,Normal
93.5930538361136,108.48331892803833,1,Normal
110.45670976071,88.52599992122842,1,Normal
99.51290815478035,142.8454071722373,1,Normal
134.55086340201422,108.72647339348065,1,Normal
100.760069563364,102.40062653436523,1,Normal
112.27035945460833,79.5441486960319,1,Normal
94.8524692515331,66.62831852244821,1,Normal
107.98446245210559,112.94391879405482,1,Normal
90.33627075401252,131.47973526580066,1,Normal
75.48468673995318,70.7125023958036,1,Normal
104.48903637119945,120.94196605224309,1,Normal
133.67855382915738,90.8223147426212,1,Normal
121.57361666862592,99.22983060998585,1,Normal
96.54745400118361,117.67319874973344,1,Normal
113.0464575682684,68.47215686031501,1,Normal
129.53080699451792,127.60182708294903,1,Normal
87.48874596980941,107.91607066874818,1,Normal
109.88060372565478,105.21347531647814,1,Normal
88.9938969230916,86.56753264123897,1,Normal
99.48891858017109,123.45458038518728,1,Normal
110.87200309188864,92.58771335827788,1,Normal
115.43397421296689,43.02914758739849,1,Normal
122.97531400744207,65.20572442443802,1,Normal
92.75118117193736,77.60660210747713,1,Normal
74.10637048558189,123.21653574757039,1,Normal
90.64597597376218,106.93007763461432,1,Normal
99.06158842241632,109.54081654446243,1,Normal
101.53643782120511,74.3401555162286,1,Normal
119.9253363889428,90.12486833677374,1,Normal
68.86836202680499,91.43769678068175,1,Normal
130.01519581268622,117.00443484226986,1,Normal
93.02695731184282,93.01484591363142,1,Normal
93.56729897565235,141.53495967121682,1,Normal
107.63870904463107,108.60083294382139,1,Normal
120.60566908063684,104.77578318053027,1,Normal
94.81915708358594,96.07300301830044,1,Normal
98.56797481171873,99.25555526980317,1,Normal
114.5525908727396,101.03891771614599,1,Normal
114.65280154431159,98.38566839782835,1,Normal
101.57270380632181,60.035986309357845,1,Normal
118.32655349404963,106.92976951795985,1,Normal
119.96020219719304,42.07489243612621,1,Normal
141.76749409561455,97.20820743689653,1,Normal
122.16365633475033,79.20188145748938,1,Normal
112.2554781012514,78.93168873652688,1,Normal
87.5246207860839,138.28062707733574,1,Normal
96.18635198473307,104.34865746359446,1,Normal
117.40135461377508,109.91363775945209,1,Normal
103.00837810287153,107.2992200493245,1,Normal
148.0683117047655,98.8476240593283,1,Normal
104.02198093429935,121.01308792015224,1,Normal
122.11051865915968,123.7406061112076,1,Normal
112.77460444058369,77.13990174539033,1,Normal
132.6686306460219,77.07309213962624,1,Normal
106.05270930478066,84.91448299961284,1,Normal
98.71723306814015,106.5752482060696,1,Normal
106.42714430900546,108.4384150847057,1,Normal
132.27422538117293,109.0706860302796,1,Normal
95.11686729418703,119.28174336576714,1,Normal
123.78940977849281,75.44784369726015,1,Normal
111.94800139699716,114.02345484621796,1,Normal
94.04872993280016,127.51413626623238,1,Normal
96.99888825934947,102.51152906943085,1,Normal
96.5385635143226,100.31158095162935,1,Normal
78.07449826209597,71.19898234811411,1,Normal
131.89010126449944,83.06077303363344,1,Normal
80.17215301087386,56.932197727925704,1,Normal
87.22076504620995,73.53820413185004,1,Normal
132.8403032027274,120.19634178685268,1,Normal
86.23699309644553,145.04871610688616,1,Normal
119.63530973983188,93.50337232982756,1,Normal
50.01188570252854,145.81885145181485,-1,Anomaly
72.20855066472808,67.09202506086217,1,Normal
120.45140864019281,148.79504812678545,1,Normal
127.68545637021036,111.27818240104719,1,Normal
111.89508683330573,117.06831117560615,1,Normal
115.17857179573531,105.62382847938751,1,Normal
102.08402207903752,98.74813744200955,1,Normal
84.92070822266648,94.38649846266452,1,Normal
66.1408637160923,98.033207464105,1,Normal
80.22817785698166,77.92821365568457,1,Normal
103.59788302306957,127.84004572689199,1,Normal
118.36633212004625,68.58998792753646,1,Normal
80.20743726859325,118.81542375976431,1,Normal
80.35025212923381,95.50733700005951,1,Normal
111.00104198049104,80.6331109027273,1,Normal
102.1075101229192,73.3194901016359,1,Normal
87.97264712097572,106.39563868285074,1,Normal
68.14012532936661,108.80949475920798,1,Normal
99.60724402146637,111.04979908834295,1,Normal
104.47828268129322,127.28280859947688,1,Normal
102.50449005295815,91.41188917749494,1,Normal
102.44595006064567,110.86596058072776,1,Normal
100.97720140651408,100.81183382407765,1,Normal
85.96016624386489,86.74198164898104,1,Normal
71.94789456400613,134.9915348637388,1,Normal
75.1227352921743,86.14189604408185,1,Normal
85.63185468861604,117.89848753888883,1,Normal
94.10100643415944,124.95484145347467,1,Normal
86.53018751512263,105.57988324447604,1,Normal
83.29305893480486,142.90298255546776,1,Normal
76.24803161940974,106.19641420454055,1,Normal
112.67553761864197,108.27598194902997,1,Normal
96.29424682244583,97.40358600533148,1,Normal
100.87622943958219,97.05995996743023,1,Normal
119.27758233589819,144.21046003182704,1,Normal
88.85016429984333,72.60394040841845,1,Normal
98.23435903297491,151.59418675308638,1,Normal
83.92650864060539,132.78233610888134,1,Normal
133.55401628152882,88.9282351658401,1,Normal
111.37966158370551,132.56793246257075,1,Normal
92.41744518025025,95.92839279795277,1,Normal
88.36638172102712,79.70486538614267,1,Normal
87.01444909867986,75.52119466475487,1,Normal
100.68166936518452,84.60053537882716,1,Normal
104.67571823581495,68.88208707592746,1,Normal
106.61760464428914,116.6705792321785,1,Normal
60.12528714857089,107.48113139695144,1,Normal
124.55337984946584,75.8071796261759,1,Normal
133.45144773675406,108.38038018732091,1,Normal
85.89976288483183,98.88461844684588,1,Normal
111.16653825043444,101.52010782824823,1,Normal
110.77511984892739,81.58652813841267,1,Normal
103.38721648072156,71.7257100619004,1,Normal
97.775478773026,81.92184717070421,1,Normal
85.28940114820466,124.72186350420876,1,Normal
121.82620241188538,112.18276241814354,1,Normal
78.15374470654842,93.67183100610396,1,Normal
124.26195399958367,102.83433827279809,1,Normal
146.3865907996339,107.86635678788744,1,Normal
103.84098232980062,93.81767071594997,1,Normal
102.67081809564564,96.95060327238912,1,Normal
114.1621735337718,119.13404633589168,1,Normal
84.28021078984101,73.37534092884444,1,Normal
63.27589253793407,110.15982653825087,1,Normal
77.93266787652253,56.94218814095034,1,Normal
107.77157209061929,149.8599903486558,1,Normal
99.87858176920213,116.76981548903284,1,Normal
101.6365871709513,98.02220693617714,1,Normal
118.38152965975537,94.19450911622697,1,Normal
105.34784628143805,106.43395612392027,1,Normal
86.63819092713902,119.84084699073045,1,Normal
96.50080486609183,84.88509681014311,1,Normal
110.73019687140807,82.03064036417925,1,Normal
100.56362314738257,99.81762006711593,1,Normal
121.71791131663156,109.49396465759905,1,Normal
99.49946082509712,116.35532598400574,1,Normal
127.80415098034626,111.15620612703725,1,Normal
100.20705239686761,73.7632753529968,1,Normal
78.69772673849255,93.89550591290664,1,Normal
87.80975595681434,96.26057394029108,1,Normal
101.13299849794214,110.59385508713461,1,Normal
98.59002443881818,109.73003287652404,1,Normal
101.2894882962024,60.490668672922574,1,Normal
81.21329212362491,97.1182488855677,1,Normal
75.80610514317785,111.9985745999241,1,Normal
130.61501664687395,124.37523703394633,1,Normal
95.73114258139584,129.81452273699904,1,Normal
102.97334914404223,93.25828057763921,1,Normal
87.7319467291812,93.95060627023743,1,Normal
92.23646362917543,103.40832444750976,1,Normal
103.2114796209973,100.0609204030683,1,Normal
108.73876339492699,123.81292549572683,1,Normal
118.99108270882647,70.30204063100193,1,Normal
48.9215773019609,118.68639822478548,1,Normal
72.66242603169158,95.50469196214632,1,Normal
76.59773947881281,63.9603912483996,1,Normal
110.82925456409576,115.18310320605293,1,Normal
88.4697919854656,48.179154157101806,1,Normal
89.07511103495034,107.83608010805094,1,Normal
70.42176862451743,103.66719839558311,1,Normal
99.69380301654009,111.58582999202177,1,Normal
102.39160736828306,80.53862118236889,1,Normal
123.93143003328983,96.8294085394606,1,Normal
99.45390920980137,81.33464081853609,1,Normal
91.13435497616979,82.30394571946198,1,Normal
96.54107880153154,134.23416960284686,1,Normal
72.56197714137286,67.72877204246518,1,Normal
129.42340654987217,95.81352645696268,1,Normal
86.61854522680167,120.79809374792153,1,Normal
87.88768920526272,136.52019427093873,1,Normal
113.55851742678539,90.24177183708595,1,Normal
143.14616426531006,87.88570153993324,1,Normal
114.84190744018613,105.98585160812983,1,Normal
126.03482578797596,131.23022393453707,1,Normal
100.64008298131533,84.93164259307633,1,Normal
109.19944285878233,86.44569260495788,1,Normal
140.26774495053246,102.73070662165475,1,Normal
92.69356897375782,103.69360611729817,1,Normal
73.05747420940607,80.56771922978697,1,Normal
124.00827815888852,86.86211442057208,1,Normal
79.0617803463612,110.73305505054572,1,Normal
123.71408309325994,114.37906621330134,1,Normal
119.92095371611633,84.86409822861079,1,Normal
71.56378666516312,130.02667303910974,1,Normal
93.54640322315728,94.98333967089906,1,Normal
126.56388283698115,111.1246001880132,1,Normal
109.11775544163216,143.30004689802166,1,Normal
87.12963539239715,118.55680256162475,1,Normal
101.14026249794169,105.37184557726513,1,Normal
130.56936852825064,110.15671512579247,1,Normal
110.76592158099265,121.45014674619604,1,Normal
92.70094540914229,83.21580665321987,1,Normal
79.10381611957934,60.67286821247996,1,Normal
141.12414259880643,77.93583268556634,1,Normal
95.57492752828456,94.46373400222159,1,Normal
106.14813395618202,116.31474425078594,1,Normal
117.2094697671949,88.33845122862124,1,Normal
96.65756572427178,105.65159900976599,1,Normal
95.02617747632905,132.14691152039984,1,Normal
109.81949903276502,114.69755572099635,1,Normal
113.25762537334825,123.4694771497065,1,Normal
103.62043117407414,74.06336104088307,1,Normal
107.99375903505283,86.97286212416341,1,Normal
89.42766636500487,111.72728037510187,1,Normal
124.76566142867271,100.42543153472123,1,Normal
106.17666025197927,134.04429889270477,1,Normal
104.81506358977137,152.0336622836079,1,Normal
111.31019291263088,64.78474481688365,1,Normal
115.06683242209066,107.62316769765556,1,Normal
125.79505508165491,113.46362702539916,1,Normal
97.23088032032453,75.51403527421269,1,Normal
95.8195348542795,82.989590915814,1,Normal
88.38953100390555,111.7715680884122,1,Normal
133.39809008702812,107.89343059645962,1,Normal
76.0823387592963,108.89205336440281,1,Normal
123.93262973291303,87.80434191361236,1,Normal
97.31965666654165,100.29376389458395,1,Normal
84.30203373835519,112.96560867687718,1,Normal
97.58103702784437,108.39064887814055,1,Normal
82.25015644395799,91.25083399353178,1,Normal
114.44762715655543,92.54333695816466,1,Normal
134.5392770246681,92.00727628770795,1,Normal
104.49369451503772,118.65181663746179,1,Normal
71.63268534133937,64.78382376038448,1,Normal
69.4868737085981,125.25168206854364,1,Normal
88.96283708215107,151.16398571336504,1,Normal
88.71504802685223,103.69102606394074,1,Normal
130.8421990513575,140.12185776318245,1,Normal
141.23007153272795,124.16732461186285,1,Normal
120.48125051622925,111.85053898402366,1,Normal
115.56722152333276,88.97628567342933,1,Normal
83.63602233155386,99.93251085178096,1,Normal
96.59630754950143,90.9354390134545,1,Normal
113.92774894913431,119.10610417141021,1,Normal
101.76813772583695,129.55060162110524,1,Normal
77.1662177173299,96.12681081440564,1,Normal
85.66355358794391,62.6692676585388,1,Normal
98.34638628314602,97.56504983233432,1,Normal
130.26899486484263,112.61623369109554,1,Normal
79.51626351341591,137.08185132668376,1,Normal
124.42067391050706,111.64195406937232,1,Normal
95.47031802300336,80.81121526553041,1,Normal
92.55586447857894,121.77497239408372,1,Normal
137.69172611869217,130.86487056544377,1,Normal
90.22301156427451,77.60765133421978,1,Normal
102.81772493822407,64.63121268874298,1,Normal
106.46335428369562,97.04794827402662,1,Normal
90.67926996263516,68.10593865466409,1,Normal
110.27200213139433,89.34598320676177,1,Normal
76.60166328579425,42.55475573436701,1,Normal
99.44970189898727,135.4450319333949,1,Normal
133.2251842909574,90.85807486827457,1,Normal
87.95575879276439,109.37548512150047,1,Normal
80.03229121623417,106.03583799638932,1,Normal
115.32160556769381,124.53866447768615,1,Normal
97.99691847040094,95.92652499646069,1,Normal
82.44034826486877,83.4623929192028,1,Normal
95.47042216196947,107.34731013632356,1,Normal
118.27169252466499,83.9364209863931,1,Normal
129.85377137919045,94.57752797914863,1,Normal
99.57265411303128,85.05576641704353,1,Normal
51.515194794541166,117.680907927221,1,Normal
114.73687794184866,94.37344885763574,1,Normal
101.33981434449744,110.31878435408198,1,Normal
68.74908286226915,89.4189464530741,1,Normal
115.88529359243654,74.91421153661501,1,Normal
105.87115864333259,72.8683639075319,1,Normal
109.32859964867053,99.28717035405033,1,Normal
67.69736368188981,123.29478708914343,1,Normal
85.30816846403901,83.79495125971238,1,Normal
104.01138394461886,122.9727469885743,1,Normal
79.68356362043207,101.23359699695943,1,Normal
108.57633000661146,113.86211214526288,1,Normal
103.5288311055445,92.65944321833355,1,Normal
83.44819558702561,101.7228776609275,1,Normal
78.55721976028786,41.57299033010786,1,Normal
108.73119608315335,118.07869682172391,1,Normal
52.741351289163234,79.80538590580124,1,Normal
112.38308522010395,141.149909394234,1,Normal
100.41587415350816,85.43994117541732,1,Normal
96.3420711779032,127.4975283829637,1,Normal
87.0807164175093,84.01615986699493,1,Normal
90.34512955635935,80.93342783482575,1,Normal
102.4534063198959,132.4935691693912,1,Normal
106.46158546232058,94.95292995747425,1,Normal
94.16377462168911,68.73618382606686,1,Normal
117.66219554294318,98.44325605974396,1,Normal
96.39040172818748,163.86215135689721,1,Normal
105.97505816731372,84.96417899809632,1,Normal
91.47284807588913,122.9689141839351,1,Normal
102.26540821075528,71.23444043365267,1,Normal
118.38457869150407,86.63711828922013,1,Normal
137.4659555243509,121.60096131429297,1,Normal
91.05356208682498,125.62032723470226,1,Normal
101.35711021054807,117.05547350244439,1,Normal
109.6946563458895,83.07286690018253,1,Normal
87.12900335365076,120.59921635162323,1,Normal
93.30449335786918,91.92703073516006,1,Normal
80.89754841301294,108.47198131186923,1,Normal
141.2504983848629,78.64934171491454,1,Normal
100.48438913345517,128.24441110830858,1,Normal
98.40717217508569,109.04743592499467,1,Normal
78.75212943706241,108.56614194415297,1,Normal
96.25711469990902,119.71459991359725,1,Normal
123.74772103129501,151.79127284037227,1,Normal
111.59266346427151,106.51592633164333,1,Normal
103.88768603154672,92.93667414378623,1,Normal
106.76967686923382,94.09197179721941,1,Normal
103.36921952539228,126.3519507121592,1,Normal
79.86914869440717,122.7975712225809,1,Normal
126.34230134679731,97.63862946017842,1,Normal
57.56290201982811,87.84356025811135,1,Normal
125.93989093122218,99.54263875402236,1,Normal
80.01395535410178,89.90450157543565,1,Normal
116.81240053009105,110.9346713640276,1,Normal
95.22135801660612,92.66351176370625,1,Normal
92.16483701912357,81.55179631002994,1,Normal
132.30751378938885,93.5535906157732,1,Normal
124.34317041650993,130.42632103844903,1,Normal
119.9662179629592,91.36759374563903,1,Normal
108.07460180673219,99.51608787218167,1,Normal
81.92596278539745,106.48718563443207,1,Normal
76.41920417680396,123.75358776923127,1,Normal
90.70765405403213,104.02319311745678,1,Normal
105.66575743092284,94.82190052591845,1,Normal
111.7338760295055,90.50192686754951,1,Normal
117.42594594914488,73.08040639506503,1,Normal
102.52759159092824,138.7785799811657,1,Normal
79.9933735078885,86.44510058950297,1,Normal
110.2781569931783,103.59163563879196,1,Normal
107.01260198547118,109.78374260295327,1,Normal
112.6944293712354,122.19399683912447,1,Normal
108.19637313857025,95.17484690762915,1,Normal
113.45147402405462,137.9976386979043,1,Normal
97.34732507234853,80.50941390658717,1,Normal
122.14161338573945,97.59237672092803,1,Normal
56.546609079719275,116.94843354300843,1,Normal
89.29343628092154,98.18933435391679,1,Normal
106.63960661138029,103.80999359558133,1,Normal
114.1890363427808,91.29027258860313,1,Normal
110.26211596352165,94.80906644832166,1,Normal
114.77620961775006,112.30734968026107,1,Normal
81.29122595910809,121.71964232350064,1,Normal
89.28073109771904,116.1611559656229,1,Normal
107.34574626802682,136.76367353590246,1,Normal
95.53068035256295,93.01366407763605,1,Normal
99.61160788224535,93.93640434331449,1,Normal
115.998838038841,67.67378783126824,1,Normal
78.92635161707292,78.64394156841614,1,Normal
119.00615183947151,134.2122674516385,1,Normal
97.91101562925057,96.62356553619979,1,Normal
101.40104326226363,123.23756605216381,1,Normal
81.45293731618852,104.7673796546957,1,Normal
119.5039525956486,110.0218833987969,1,Normal
103.79163233197487,120.02092185134282,1,Normal
45.93535414001526,113.55750639061816,1,Normal
86.91848633745153,63.387342062870864,1,Normal
110.22405199049962,127.47317090325916,1,Normal
97.25102970744616,119.05749094405877,1,Normal
132.24556515977292,126.29828907168095,1,Normal
132.79929058742786,114.84254982143784,1,Normal
101.50867277803185,67.96068376205663,1,Normal
95.07875023740102,83.13506809367617,1,Normal
143.4188543499563,96.48228375135326,1,Normal
102.46409613568972,111.02970752080935,1,Normal
100.87204892744907,133.90102080861504,1,Normal
87.54701276531097,103.89214910474486,1,Normal
85.15058828603904,73.59954977558588,1,Normal
87.76461818189429,99.25926405903176,1,Normal
91.4139555096548,86.15158040252288,1,Normal
71.87365072656333,98.3378885474261,1,Normal
69.90559251937995,115.20111927379205,1,Normal
101.64879505869007,70.8489700107014,1,Normal
93.81581845900273,84.95687188818833,1,Normal
106.3834902083836,126.80900892046289,1,Normal
62.49655060708511,102.30052158294835,1,Normal
96.79734408866719,113.42680152900931,1,Normal
104.26393256475379,84.96061336522362,1,Normal
93.61892128666764,84.07948286393022,1,Normal
121.52014277197196,100.42623297343884,1,Normal
138.02381371506016,98.78678372370759,1,Normal
85.83186466179075,69.72571214774345,1,Normal
63.9372064748811,68.31728113989021,1,Normal
105.34253302022967,110.17450046459868,1,Normal
68.37618595935733,117.90076628152231,1,Normal
90.3387789663312,102.93586023971099,1,Normal
132.2444125651085,117.93678631731063,1,Normal
94.62938704188335,82.17615549169426,1,Normal
56.9636919734139,85.6169336151516,1,Normal
95.7773952234461,80.25640945697631,1,Normal
97.3748606581539,101.53703765917537,1,Normal
95.50288036383843,86.9999483835308,1,Normal
103.37309343933455,108.83881299138818,1,Normal
78.19201845114307,128.21864759492541,1,Normal
98.02823735431477,100.37699245889695,1,Normal
114.16428846513114,104.66432262527003,1,Normal
119.0627326782649,105.74248330403648,1,Normal
87.75125250719124,107.23007050412204,1,Normal
77.12547585358676,102.17119411553047,1,Normal
99.33540018711078,95.83766285454921,1,Normal
97.42924977122138,62.36301909004722,1,Normal
89.02550184518077,101.85689802282229,1,Normal
103.19712783994801,79.44649718148084,1,Normal
125.31415681729402,82.67650303570998,1,Normal
119.38914401053474,108.5438872374337,1,Normal
87.07545380312393,135.50621785219025,1,Normal
76.1272633648704,118.38308347220003,1,Normal
120.01164636085957,86.58759581846711,1,Normal
127.84930600128658,94.99906970802094,1,Normal
105.77387258559715,105.20643677542441,1,Normal
97.31382517058904,116.21616546319564,1,Normal
115.86977441104426,65.02936053523638,1,Normal
126.08680485756305,66.75016023928652,1,Normal
120.65092408683314,122.53410273655166,1,Normal
78.18067139569604,91.78371424090831,1,Normal
77.88590663028128,95.70157939422529,1,Normal
93.83931431628517,115.59321064538679,1,Normal
126.20617492239217,127.91367621579911,1,Normal
88.75663946843396,95.81556252510944,1,Normal
66.331236155581,83.88259867007622,1,Normal
119.29703266194915,132.31165647096464,1,Normal
75.31302256240156,88.15071481694211,1,Normal
99.47188486082146,105.60322317639213,1,Normal
83.80792960156708,108.48122088928179,1,Normal
90.52321305858167,99.71095458243441,1,Normal
110.925684960074,100.12844539621875,1,Normal
91.27228218946863,97.80780392148338,1,Normal
98.2327408158933,92.59977940235744,1,Normal
94.82407874665795,131.97294341009433,1,Normal
111.21838895882478,94.09039363941679,1,Normal
113.93908809021471,93.3236102048798,1,Normal
123.46249275173282,107.39284384396188,1,Normal
97.85395711991542,108.95433851620555,1,Normal
68.58247695863001,77.4646506218039,1,Normal
76.12149987201889,102.85886189527413,1,Normal
134.65029998970184,144.62600292385264,1,Normal
112.76102202881515,110.01688949888914,1,Normal
63.97884531694522,89.14652400531956,1,Normal
84.24432496183522,87.58304803497768,1,Normal
96.63712362830421,90.55818844605746,1,Normal
60.414003792484245,114.95820512235068,1,Normal
78.54513948520386,104.78493728222298,1,Normal
141.48165339499946,81.61230816827154,1,Normal
49.39424954507341,94.27991556239779,1,Normal
122.01919269997143,139.16694908441187,1,Normal
75.40900811095166,109.93398446473043,1,Normal
90.69379086439893,97.88103291391728,1,Normal
152.8868669403407,69.94059343209693,1,Normal
105.07479322989147,109.35386343530867,1,Normal
121.71572649878695,101.95966306941791,1,Normal
106.16101079008205,92.16702865156418,1,Normal
105.38253882490214,93.1361544900518,1,Normal
112.43143779712102,92.60779327912732,1,Normal
107.54200787804373,99.41474372630043,1,Normal
122.52100501544336,98.97212552823028,1,Normal
64.53935063586238,125.23843001427983,1,Normal
81.88535398274762,86.9246732270236,1,Normal
88.08677411913015,127.48876186341634,1,Normal
57.28651572042609,162.75497067319986,-1,Anomaly
121.12113618132103,104.4647782825832,1,Normal
98.90211998767427,105.71108149715315,1,Normal
110.42244856758677,112.90431171900114,1,Normal
111.11208932006897,101.79161362510497,1,Normal
96.05323159385348,96.97453432692977,1,Normal
96.10183439294639,122.67540193734129,1,Normal
111.87113444561723,41.19222730671439,1,Normal
113.11801553059522,103.8947238943755,1,Normal
99.62582487108205,92.22963093822229,1,Normal
122.48225439972026,118.95052924245715,1,Normal
84.54244664352782,108.1410457424907,1,Normal
80.56686530917428,72.40763670422139,1,Normal
87.4656555082007,117.24786944765518,1,Normal
119.06250090752174,110.26170840194587,1,Normal
114.50191573695994,110.32356574229917,1,Normal
87.17036809554095,108.63845089347882,1,Normal
116.00819050455365,115.08582659627149,1,Normal
123.77826742949286,114.16607694402127,1,Normal
107.02896415083165,121.40300476632855,1,Normal
99.4695748150188,82.36250697544564,1,Normal
96.73866072112472,85.10194710387103,1,Normal
266.24108625128093,292.7740664642241,-1,Anomaly
260.37900395000196,284.601923518048,-1,Anomaly
205.31926665231072,310.66468536864693,-1,Anomaly
300.0602737681112,259.14556844659046,-1,Anomaly
332.96228342162027,346.8785068813279,-1,Anomaly
219.6220067815513,261.8637610716893,-1,Anomaly
261.5428825106351,253.00484494455677,-1,Anomaly
341.47374209658744,290.3086930613598,-1,Anomaly
286.77425793446946,199.80688177966232,-1,Anomaly
331.77090151046133,238.03708025732638,-1,Anomaly
302.9966315133164,313.8688468979096,-1,Anomaly
368.03292979193253,234.5589800440444,-1,Anomaly
149.02439220895874,309.1924772376847,-1,Anomaly
390.0255590755427,361.9473176469719,-1,Anomaly
310.4829707637313,275.4181907183976,-1,Anomaly
340.35612983186553,251.32269001477658,-1,Anomaly
323.817888467811,325.2735079583313,-1,Anomaly
353.01049537494396,437.9830019455539,-1,Anomaly
319.6207983589384,274.5518187146251,-1,Anomaly
298.7212843904003,211.54620475554407,-1,Anomaly
265.26434344554707,279.5358780943448,-1,Anomaly
273.79558010327037,307.6177436016861,-1,Anomaly
258.87900338088997,356.05153336622357,-1,Anomaly
300.01035324590987,299.5349839430693,-1,Anomaly
283.6052641743541,307.75953419294893,-1,Anomaly
341.2549132333817,256.643489214455,-1,Anomaly
267.0941755462372,284.81369856116675,-1,Anomaly
232.70645382633927,259.0371070139251,-1,Anomaly
276.18895632276707,343.71945903563636,-1,Anomaly
313.12806645009624,309.6794955683772,-1,Anomaly
342.5448981083986,293.13141058003015,-1,Anomaly
319.5232424964445,294.8389123533752,-1,Anomaly
313.2681174699814,270.8620671194209,-1,Anomaly
178.05914208617855,293.28604189068477,-1,Anomaly
371.137406804997,346.31077011207964,-1,Anomaly
348.2698742295585,361.8065360903109,-1,Anomaly
304.43287954807187,309.86578537027975,-1,Anomaly
269.1174052282825,284.1963571986475,-1,Anomaly
330.7885574885571,360.1942218584408,-1,Anomaly
293.02768621595004,277.4905367574294,-1,Anomaly
300.0263979428299,330.0603374464557,-1,Anomaly
227.80725919332292,185.1909523431381,-1,Anomaly
272.47315752542085,238.96437870429207,-1,Anomaly
274.5929901176345,292.61098405912645,-1,Anomaly
277.3375795488493,372.62337672353726,-1,Anomaly
316.337238230116,315.0237179805414,-1,Anomaly
331.1103572021701,243.05834411096154,-1,Anomaly
351.95558937101345,296.211785673227,-1,Anomaly
333.5240308620606,246.40713834799223,-1,Anomaly
222.3120616991968,340.8944829012514,-1,Anomaly
