timestamp,cpu_usage,memory_usage,response_time,anomaly,anomaly_label
2023-01-01 00:00:00,96.3139612434084,87.03385226768347,417.58243841914805,-1,Anomaly
2023-01-01 00:01:00,14.418769892018894,24.297182319432363,153.5094058082223,1,Normal
2023-01-01 00:02:00,60.28000655915977,23.12303814864181,115.99266939367446,1,Normal
2023-01-01 00:03:00,48.29051051808955,25.785860874148934,140.7388099714149,1,Normal
2023-01-01 00:04:00,52.259164335582575,27.783013850095607,133.0763058201353,1,Normal
2023-01-01 00:05:00,67.51080503835121,37.297006245685594,160.17556301214384,1,Normal
2023-01-01 00:06:00,77.40034882322111,62.96089656735846,190.2824919135369,1,Normal
2023-01-01 00:07:00,33.802067796711356,37.765227917701125,107.31542584655715,1,Normal
2023-01-01 00:08:00,56.72088830308327,37.51069907523794,173.15570566324675,1,Normal
2023-01-01 00:09:00,71.1875975273694,38.522319336708506,181.04538893702858,1,Normal
2023-01-01 00:10:00,62.106892756857384,68.87313044078087,133.35244863899885,1,Normal
2023-01-01 00:11:00,51.219725985745896,64.50513549802533,194.68771226188733,1,Normal
2023-01-01 00:12:00,64.71519927091173,52.993952197275256,127.53099013609848,1,Normal
2023-01-01 00:13:00,50.82785211479302,66.33322818372365,117.73329975005346,1,Normal
2023-01-01 00:14:00,36.38857127505861,50.893149872622686,117.32863005581004,1,Normal
2023-01-01 00:15:00,79.25374483970998,67.50796072574201,118.71610095369859,-1,Anomaly
2023-01-01 00:16:00,22.961090129943155,37.54068215548517,127.89412358510585,1,Normal
2023-01-01 00:17:00,16.062216843469322,59.52360553068563,163.31417880909015,1,Normal
2023-01-01 00:18:00,71.15603335944144,52.104175172491175,109.62128994736756,1,Normal
2023-01-01 00:19:00,58.71773885141421,33.63227911310394,197.57780099498248,1,Normal
2023-01-01 00:20:00,15.161839558916377,50.19858266537057,130.7615618857457,1,Normal
2023-01-01 00:21:00,24.703243533663603,30.328536781206047,101.92686332444906,1,Normal
2023-01-01 00:22:00,54.65572810474352,62.812442275904736,138.9720661048806,1,Normal
2023-01-01 00:23:00,29.05901140668563,40.447420105404134,131.37392332799035,1,Normal
2023-01-01 00:24:00,67.74585018831638,66.60414082794756,163.1646739727962,1,Normal
2023-01-01 00:25:00,43.88324986802237,62.64822792563414,147.78772204793796,1,Normal
2023-01-01 00:26:00,28.012377816527977,39.48122591805583,116.03728651730673,1,Normal
2023-01-01 00:27:00,45.17642630473213,26.700913448453743,176.46487769244953,1,Normal
2023-01-01 00:28:00,78.36043782185173,37.72068056616981,110.58123225938039,-1,Anomaly
2023-01-01 00:29:00,15.957102216819496,45.25132381116681,161.66068944208453,1,Normal
2023-01-01 00:30:00,30.03786114383473,43.78842389433979,182.34450100001567,1,Normal
2023-01-01 00:31:00,18.495617859681275,35.69972236777257,178.5960383466371,1,Normal
2023-01-01 00:32:00,40.27229562960221,41.69538412531469,172.71481553638182,1,Normal
2023-01-01 00:33:00,15.6070710204396,46.03814596740247,179.8288898543592,1,Normal
2023-01-01 00:34:00,28.430892680327982,67.23436662829877,130.31829652687506,1,Normal
2023-01-01 00:35:00,10.16099446402356,63.62721347123809,124.77417664082908,-1,Anomaly
2023-01-01 00:36:00,21.01069390923564,27.98290964714383,152.48528117730066,1,Normal
2023-01-01 00:37:00,53.08696942077486,66.89440087124103,173.21558022595275,1,Normal
2023-01-01 00:38:00,23.129660781176387,47.19727666406821,148.87846810643555,1,Normal
2023-01-01 00:39:00,54.27958793020541,32.24556918287907,178.567303422648,1,Normal
2023-01-01 00:40:00,75.70886237393057,38.504075863423566,116.92912127497694,1,Normal
2023-01-01 00:41:00,21.133948931320624,43.06122929495351,145.40343489093584,1,Normal
2023-01-01 00:42:00,22.64857837121389,45.610194465211144,199.44570382191966,1,Normal
2023-01-01 00:43:00,41.867557872037764,51.33359775085118,176.9252614536968,1,Normal
2023-01-01 00:44:00,11.946488587315548,41.30345613426735,195.84207906546948,1,Normal
2023-01-01 00:45:00,47.21276055333144,58.649231715122376,151.09936462044692,1,Normal
2023-01-01 00:46:00,47.68716717635831,64.3211912460305,125.38157435195033,1,Normal
2023-01-01 00:47:00,11.899917408971852,41.13707860981512,168.3710240644844,1,Normal
2023-01-01 00:48:00,34.28291031085956,60.26873520073863,181.97478970304536,1,Normal
2023-01-01 00:49:00,37.374079846938116,43.708975707726026,110.03611910970125,1,Normal
2023-01-01 00:50:00,68.58965372156149,26.679183892959806,196.59241346895453,-1,Anomaly
2023-01-01 00:51:00,43.476615049115416,60.01093880792431,128.75045007234544,1,Normal
2023-01-01 00:52:00,13.428995729990056,34.75889188205975,149.14500550085845,1,Normal
2023-01-01 00:53:00,73.7418358021379,67.7092110501668,150.4608236895984,1,Normal
2023-01-01 00:54:00,70.30246698249628,25.601561610165422,161.13816218132706,1,Normal
2023-01-01 00:55:00,51.04442042278049,20.066517121727124,189.15412169075375,-1,Anomaly
2023-01-01 00:56:00,21.21426262323274,32.08348896858389,136.19628429121747,1,Normal
2023-01-01 00:57:00,61.82241165552634,37.602903576490895,195.59917083088965,1,Normal
2023-01-01 00:58:00,54.426077404676775,64.62634984634717,146.90649608040073,1,Normal
2023-01-01 00:59:00,74.5720651729618,42.49523176556806,129.1917955207628,1,Normal
2023-01-01 01:00:00,12.374224521693193,32.63123548999819,101.20156384655374,-1,Anomaly
2023-01-01 01:01:00,20.42811827524531,61.185553212262015,102.9971728166247,1,Normal
2023-01-01 01:02:00,47.15242570665073,28.946958875773547,194.77521610558097,1,Normal
2023-01-01 01:03:00,70.70271827125023,56.72635428428727,172.6127692384157,1,Normal
2023-01-01 01:04:00,64.07042672335646,35.35103530058851,127.33810891875316,1,Normal
2023-01-01 01:05:00,14.912767248934006,69.54755437411,111.97599907066568,-1,Anomaly
2023-01-01 01:06:00,69.36935322558146,26.05493816642531,188.7271435796647,-1,Anomaly
2023-01-01 01:07:00,27.887542321499556,37.042213994032835,116.26049266785473,1,Normal
2023-01-01 01:08:00,13.26996119223326,26.576050249151926,107.27539971936898,-1,Anomaly
2023-01-01 01:09:00,29.71331669416148,68.9215710982547,155.425726349923,1,Normal
2023-01-01 01:10:00,60.04272158198725,58.49552628051318,140.78200103136604,1,Normal
2023-01-01 01:11:00,50.160576331013615,55.48827754458526,182.04824808836105,1,Normal
2023-01-01 01:12:00,63.12275661317309,59.13232371016584,177.46207198410517,1,Normal
2023-01-01 01:13:00,65.47682496681831,66.18623138274543,131.22718781009465,1,Normal
2023-01-01 01:14:00,33.39623898940336,47.491578087179676,130.49478475136917,1,Normal
2023-01-01 01:15:00,60.11668391525825,21.118053657525824,140.15754691182278,1,Normal
2023-01-01 01:16:00,16.215164950252337,26.313821915117487,164.93645629448815,1,Normal
2023-01-01 01:17:00,40.5639795359715,23.14898395367187,174.64703845526884,1,Normal
2023-01-01 01:18:00,78.42205998780697,52.008825132804546,182.48823932171805,1,Normal
2023-01-01 01:19:00,22.901064129961384,48.77280146558511,172.21304643082115,1,Normal
2023-01-01 01:20:00,65.83314036426857,31.637257923207486,146.45445089881227,1,Normal
2023-01-01 01:21:00,65.35298520795703,59.79451411882541,135.75901645389035,1,Normal
2023-01-01 01:22:00,46.78691103921472,59.44386399643013,159.56011071016545,1,Normal
2023-01-01 01:23:00,24.76877270595387,27.806262452529154,112.44942922252227,1,Normal
2023-01-01 01:24:00,48.62380565802079,59.66873911378862,186.24256749100496,1,Normal
2023-01-01 01:25:00,35.44634111003935,43.796656438238415,117.04529055454852,1,Normal
2023-01-01 01:26:00,54.575204284189226,64.27614058578479,193.13467293652448,1,Normal
2023-01-01 01:27:00,65.84856799621281,21.965637460560508,138.60054035094458,1,Normal
2023-01-01 01:28:00,61.23403563012206,45.629125483358195,177.84821185443968,1,Normal
2023-01-01 01:29:00,68.73492420199821,26.296009112630195,182.50106573492323,1,Normal
2023-01-01 01:30:00,40.464009293651074,20.49867026857014,163.6404981316513,1,Normal
2023-01-01 01:31:00,35.27072889594966,58.857243928454736,109.35803463459722,1,Normal
2023-01-01 01:32:00,43.726579035535565,41.18460564502839,193.5880126015712,1,Normal
2023-01-01 01:33:00,20.8357439528164,67.59382828987759,100.00804979950351,-1,Anomaly
2023-01-01 01:34:00,50.86606813366485,27.038542555984623,123.67919842487235,1,Normal
2023-01-01 01:35:00,45.2356609045468,66.07793280149721,143.3029427510951,1,Normal
2023-01-01 01:36:00,57.95126153899928,21.381583174596468,154.53419252710069,1,Normal
2023-01-01 01:37:00,46.47885638006712,29.476514199851028,189.46367326681283,1,Normal
2023-01-01 01:38:00,48.713748656705775,28.041778323538008,168.2799257256482,1,Normal
2023-01-01 01:39:00,75.91457859587238,43.39234965040775,160.1472026488074,1,Normal
2023-01-01 01:40:00,96.86798614293733,87.80141348884985,336.6066611036378,-1,Anomaly
2023-01-01 01:41:00,66.08424757169925,61.21521157931761,125.9923569123775,1,Normal
2023-01-01 01:42:00,77.74221607798326,33.54662668404002,158.69311674043303,1,Normal
2023-01-01 01:43:00,35.31759723835604,26.35345819127321,148.82571400737115,1,Normal
2023-01-01 01:44:00,35.91654507220773,49.521626132615864,157.90232646545604,1,Normal
2023-01-01 01:45:00,45.27595933749076,41.75602321989078,104.47348048127671,1,Normal
2023-01-01 01:46:00,64.12314189421801,46.27554901829612,142.7614858572801,1,Normal
2023-01-01 01:47:00,13.862491881094488,67.2725317144387,101.05383812798459,-1,Anomaly
2023-01-01 01:48:00,30.192740593951324,41.93728609359876,100.15465163149993,1,Normal
2023-01-01 01:49:00,48.16853218181015,24.91831085222299,184.32814549337144,1,Normal
2023-01-01 01:50:00,71.6737252257126,28.984540035011428,153.96863247395595,1,Normal
2023-01-01 01:51:00,11.784808098271451,57.22131537496407,136.34696513720817,1,Normal
2023-01-01 01:52:00,52.96987073662075,44.92887237731069,111.54884421837028,1,Normal
2023-01-01 01:53:00,48.086533473914876,37.65695551911065,154.25913996619414,1,Normal
2023-01-01 01:54:00,26.813850755223573,43.75416697935334,183.44308355289644,1,Normal
2023-01-01 01:55:00,19.01592123075947,66.96578613501418,137.4417266348321,1,Normal
2023-01-01 01:56:00,38.264960567572174,38.98198925015759,132.47056097412104,1,Normal
2023-01-01 01:57:00,56.00713649021046,49.59673507923899,199.6452993552944,1,Normal
2023-01-01 01:58:00,72.23342230806601,22.08864794453609,156.31366678649167,1,Normal
2023-01-01 01:59:00,31.690529289122818,30.309394564432534,139.9492048247486,1,Normal
2023-01-01 02:00:00,36.16933773331343,62.9123184667735,111.72570271548787,1,Normal
2023-01-01 02:01:00,28.55004481221284,51.56835273068954,150.04994332222046,1,Normal
2023-01-01 02:02:00,65.42902510394399,20.06228044974049,174.19170696731865,-1,Anomaly
2023-01-01 02:03:00,62.55498136707099,60.03405605219938,140.71678440605731,1,Normal
2023-01-01 02:04:00,52.119485353508544,69.00670926672095,140.0579753957757,1,Normal
2023-01-01 02:05:00,72.6621444381824,64.35341655643727,196.53147798515522,-1,Anomaly
2023-01-01 02:06:00,41.10328069462879,39.5577987478862,122.8296166843712,1,Normal
2023-01-01 02:07:00,37.652840281076806,69.0292537829254,136.89773205227962,1,Normal
2023-01-01 02:08:00,74.81466517849344,65.47957105376818,134.17092918510482,1,Normal
2023-01-01 02:09:00,54.35532768754959,48.8990181027102,107.61130470060672,1,Normal
2023-01-01 02:10:00,15.953777556305827,27.163676552546082,128.6727817498074,1,Normal
2023-01-01 02:11:00,13.07289086531707,46.66902871478074,101.96301734842108,-1,Anomaly
2023-01-01 02:12:00,63.26919470309491,61.44435127907491,193.83304471924214,1,Normal
2023-01-01 02:13:00,23.251363513963227,56.32497149801128,193.59368196513435,1,Normal
2023-01-01 02:14:00,62.08021075478561,56.4527596411226,140.7017634299587,1,Normal
2023-01-01 02:15:00,65.61927916246955,25.317782985108245,121.40954148382366,1,Normal
2023-01-01 02:16:00,29.572108772371195,43.87678134397409,127.05000141859044,1,Normal
2023-01-01 02:17:00,38.90670176544259,42.72562638743211,175.867466400752,1,Normal
2023-01-01 02:18:00,62.86044384090346,37.20843313333194,107.50351949456243,1,Normal
2023-01-01 02:19:00,22.113901550551432,48.37457251847173,139.22271895112328,1,Normal
2023-01-01 02:20:00,15.028905734373097,41.70418359598075,154.34230680114808,1,Normal
2023-01-01 02:21:00,70.95402226059883,60.37146007808232,137.1372514554171,1,Normal
2023-01-01 02:22:00,19.255635286379125,33.39141935468378,107.50706543951429,1,Normal
2023-01-01 02:23:00,55.48634828934884,40.634272313723585,107.67857639780229,1,Normal
2023-01-01 02:24:00,66.92141792678888,62.40813451949223,163.8790669959706,1,Normal
2023-01-01 02:25:00,77.13820602916698,59.29764326068377,167.71084865349246,1,Normal
2023-01-01 02:26:00,21.01076910588989,66.1653063157389,165.22565123483093,1,Normal
2023-01-01 02:27:00,66.15545716448173,58.78428459343724,158.70223039573142,1,Normal
2023-01-01 02:28:00,57.97833263812393,49.24162912909255,177.2543805283895,1,Normal
2023-01-01 02:29:00,24.906647614571362,56.56622968705274,152.6734453297282,1,Normal
2023-01-01 02:30:00,60.079813643133434,64.4534040147959,137.84754458126446,1,Normal
2023-01-01 02:31:00,44.16047195042701,30.968468293683557,189.67927086766463,1,Normal
2023-01-01 02:32:00,25.878115098318624,38.67221195806479,153.79596208599537,1,Normal
2023-01-01 02:33:00,35.5307104253893,66.87844052437714,105.92767178967243,1,Normal
2023-01-01 02:34:00,53.27328778876418,22.94000403871818,159.78953710205636,1,Normal
2023-01-01 02:35:00,29.58662063996001,61.167610976388254,183.7612850613533,1,Normal
2023-01-01 02:36:00,11.066542687471118,42.68192590305949,163.70813316003319,1,Normal
2023-01-01 02:37:00,15.677381831786313,41.679467821776605,184.94753146600095,1,Normal
2023-01-01 02:38:00,37.09590849918085,37.02334469475587,110.19408927230108,1,Normal
2023-01-01 02:39:00,10.918240237734015,21.882624939657163,117.09568770330623,-1,Anomaly
2023-01-01 02:40:00,74.34682184515816,60.49832864914984,148.82598419781044,1,Normal
2023-01-01 02:41:00,64.11817461156063,58.26588117594591,177.20195799564547,1,Normal
2023-01-01 02:42:00,54.410183677044394,64.38436210198728,153.3078972876886,1,Normal
2023-01-01 02:43:00,68.99379624319496,67.06854193393252,177.7485335865327,1,Normal
2023-01-01 02:44:00,62.36664295436802,34.37653320225575,118.10918135978616,1,Normal
2023-01-01 02:45:00,61.24043414639833,22.687105464169363,174.01602107778598,1,Normal
2023-01-01 02:46:00,14.685009252712009,36.63034186337386,173.19090452504446,1,Normal
2023-01-01 02:47:00,29.526068159488986,30.63160508237374,149.2349384313777,1,Normal
2023-01-01 02:48:00,19.47945277750103,48.0025124844067,163.66156569233172,1,Normal
2023-01-01 02:49:00,27.282397770568267,20.421840689661586,151.97070625295396,-1,Anomaly
2023-01-01 02:50:00,19.095803432262265,27.422873579469314,165.95236597562405,1,Normal
2023-01-01 02:51:00,79.56878407587263,54.4890547985521,112.6863771293941,-1,Anomaly
2023-01-01 02:52:00,64.59509916446873,31.221023018693458,176.55281731193156,1,Normal
2023-01-01 02:53:00,76.98379078037598,25.23106762048766,135.24688689834076,1,Normal
2023-01-01 02:54:00,39.437527208422054,35.47204292901637,184.91977835829107,1,Normal
2023-01-01 02:55:00,55.85864662360451,45.40584721952908,150.97080736881375,1,Normal
2023-01-01 02:56:00,57.27637353385988,50.455865445783836,114.96611785656702,1,Normal
2023-01-01 02:57:00,31.15384887869965,25.0538290146301,124.88195048703699,1,Normal
2023-01-01 02:58:00,55.41674594141766,20.06908788451773,151.1671659443457,1,Normal
2023-01-01 02:59:00,29.739538727703337,25.988905602743138,188.5307252795158,1,Normal
2023-01-01 03:00:00,44.5832849270898,30.775532972662422,190.8316235658928,1,Normal
2023-01-01 03:01:00,76.57344038829491,67.7897049074346,125.46619017524472,1,Normal
2023-01-01 03:02:00,68.78393714588263,54.9813935437164,120.68357048076933,1,Normal
2023-01-01 03:03:00,65.65892722063361,44.175362253641694,161.1860590018902,1,Normal
2023-01-01 03:04:00,28.411019428952578,27.295151901941427,119.29967145640748,1,Normal
2023-01-01 03:05:00,33.479235385325964,59.16563908963147,131.78094967066332,1,Normal
2023-01-01 03:06:00,58.50142894009855,33.220483073133344,191.60916876049174,1,Normal
2023-01-01 03:07:00,49.209970355810796,48.127119956735264,179.65360945529534,1,Normal
2023-01-01 03:08:00,59.732198393586486,20.545791873333513,101.74734663814138,-1,Anomaly
2023-01-01 03:09:00,30.760847985990104,59.906041815990335,196.2103055601154,1,Normal
2023-01-01 03:10:00,63.11740274116969,59.178280462777934,114.58168589173033,1,Normal
2023-01-01 03:11:00,76.78538344432728,40.41951412303992,172.4562740100211,1,Normal
2023-01-01 03:12:00,24.36626565894357,44.03131929425312,188.47556942791272,1,Normal
2023-01-01 03:13:00,40.8148548644119,62.778450879001525,108.8411442126606,1,Normal
2023-01-01 03:14:00,17.231243632223844,46.75201215901906,184.55950960307007,1,Normal
2023-01-01 03:15:00,43.269221835701934,51.716325626213035,163.80481193968564,1,Normal
2023-01-01 03:16:00,54.16509033610993,33.24660261987892,168.2125000097533,1,Normal
2023-01-01 03:17:00,15.587468345446084,68.86716770823506,156.4590591869852,-1,Anomaly
2023-01-01 03:18:00,74.70815422951699,66.71357271064065,143.32417421159545,1,Normal
2023-01-01 03:19:00,42.72295493090996,49.54082582753817,189.1214608490369,1,Normal
2023-01-01 03:20:00,91.68025665288695,88.92734379276149,324.6537063418594,-1,Anomaly
2023-01-01 03:21:00,32.315205223841936,42.757566276362155,128.91051354947314,1,Normal
2023-01-01 03:22:00,22.200352225766395,27.16328214846803,119.43213313103763,1,Normal
2023-01-01 03:23:00,65.96876861247958,27.89392706739602,126.52480819661693,1,Normal
2023-01-01 03:24:00,17.056831626031975,47.236552493996435,180.06808904155696,1,Normal
2023-01-01 03:25:00,43.41377587954691,22.24184295457095,129.8609658574777,1,Normal
2023-01-01 03:26:00,17.53307803728338,55.344243937047885,149.2198337385061,1,Normal
2023-01-01 03:27:00,11.016084579733137,67.11693900670552,128.902673445956,-1,Anomaly
2023-01-01 03:28:00,34.63014995536636,24.845058709556366,123.31989486788474,1,Normal
2023-01-01 03:29:00,70.6696167871667,47.298402453657914,103.01267883550594,1,Normal
2023-01-01 03:30:00,57.59008755327231,56.07615638796304,192.9886814122898,1,Normal
2023-01-01 03:31:00,58.99153306526947,43.834453667964624,189.7261914741859,1,Normal
2023-01-01 03:32:00,59.8195081439229,24.847531390206015,148.94804390459979,1,Normal
2023-01-01 03:33:00,25.17785600462078,25.92030170819493,105.78754339531457,1,Normal
2023-01-01 03:34:00,52.23326002015647,32.087460310589705,116.29230533974263,1,Normal
2023-01-01 03:35:00,62.97801200760038,50.05311562624787,142.85797936178147,1,Normal
2023-01-01 03:36:00,72.61168342174547,64.94896283750077,116.33259455867176,1,Normal
2023-01-01 03:37:00,30.767469593973413,50.92289176801417,145.53767108766846,1,Normal
2023-01-01 03:38:00,44.893165696543,69.3077564053561,183.71493072420918,1,Normal
2023-01-01 03:39:00,20.504866586916908,25.40296664001468,178.14608536626608,1,Normal
2023-01-01 03:40:00,62.14662115827039,44.8787819187791,107.6230293213017,1,Normal
2023-01-01 03:41:00,76.94695232371267,67.07979394064935,117.0155877866436,1,Normal
2023-01-01 03:42:00,45.773267424981526,46.701140389961964,105.93587408322142,1,Normal
2023-01-01 03:43:00,66.82133402711548,38.685075508364825,186.9432842223411,1,Normal
2023-01-01 03:44:00,18.842790022688106,69.22396454280701,135.11886498506985,1,Normal
2023-01-01 03:45:00,52.911791144993586,30.12513791711946,117.58064289057108,1,Normal
2023-01-01 03:46:00,44.39483151094247,67.11539621630257,100.87606243232757,1,Normal
2023-01-01 03:47:00,22.032001203231772,48.23473695459364,165.41071738756312,1,Normal
2023-01-01 03:48:00,65.46436558528806,30.163053758241382,130.4359293348773,1,Normal
2023-01-01 03:49:00,65.43503629649001,22.97937133089743,190.86861803487022,-1,Anomaly
2023-01-01 03:50:00,34.68430331823733,43.95801625849138,109.5863420101252,1,Normal
2023-01-01 03:51:00,70.39494236329028,60.977954261753744,121.4060432761389,1,Normal
2023-01-01 03:52:00,79.56074752121371,34.21209012638999,186.82456501630668,-1,Anomaly
2023-01-01 03:53:00,14.677580441586446,31.154075116002723,155.02280713723155,1,Normal
2023-01-01 03:54:00,48.29280454215769,65.63238903447785,150.11458359506932,1,Normal
2023-01-01 03:55:00,73.07635938664848,36.74842356371832,167.71226052982337,1,Normal
2023-01-01 03:56:00,45.8063227117187,68.27562650011211,188.15152841704497,1,Normal
2023-01-01 03:57:00,53.10333376451677,44.26040654909342,193.4335098090741,1,Normal
2023-01-01 03:58:00,51.16756967121922,56.30641445787217,169.3813857649045,1,Normal
2023-01-01 03:59:00,37.667105468991885,25.53032233489389,106.71439192498609,1,Normal
2023-01-01 04:00:00,45.07387450284229,53.9505963537288,104.9737579969208,1,Normal
2023-01-01 04:01:00,41.17258552379785,29.472363305854515,109.87349547197556,1,Normal
2023-01-01 04:02:00,20.10605143167503,47.22514737911092,149.0191311899,1,Normal
2023-01-01 04:03:00,31.266248919999647,25.737035930920015,161.2826611588158,1,Normal
2023-01-01 04:04:00,19.34563638571275,56.35974597289626,108.87220644036154,1,Normal
2023-01-01 04:05:00,34.13672252324733,35.59702105707533,176.22215622947277,1,Normal
2023-01-01 04:06:00,45.47640146795446,65.52497228414353,121.18703869908458,1,Normal
2023-01-01 04:07:00,28.149356418413294,37.40129787855935,161.32283516948073,1,Normal
2023-01-01 04:08:00,67.0365460647949,23.727185812058725,159.46156728988547,1,Normal
2023-01-01 04:09:00,50.02160964584593,32.45790291641059,162.41719087041335,1,Normal
2023-01-01 04:10:00,43.2896149566619,34.95387632778519,122.08362670218655,1,Normal
2023-01-01 04:11:00,51.63543295813979,33.05233195219128,143.50572023441862,1,Normal
2023-01-01 04:12:00,60.71562724234142,30.649440329582838,107.59466121403831,1,Normal
2023-01-01 04:13:00,12.828599933290786,58.38310467899952,180.7003732884533,1,Normal
2023-01-01 04:14:00,55.08102379860211,69.97464731742858,147.80438223345578,1,Normal
2023-01-01 04:15:00,49.49751816052897,53.70357067190484,126.78762823465068,1,Normal
2023-01-01 04:16:00,26.520450448013797,45.935796293649304,155.27238924440042,1,Normal
2023-01-01 04:17:00,11.604247502648061,66.07652079880842,110.45388012307795,-1,Anomaly
2023-01-01 04:18:00,16.918454966123804,58.04742151516648,133.90201506548124,1,Normal
2023-01-01 04:19:00,15.403769665749017,39.68280592925517,142.2589804273425,1,Normal
2023-01-01 04:20:00,24.311688878067855,56.459532794461055,161.0773064783505,1,Normal
2023-01-01 04:21:00,55.52654256027013,39.39279926464056,103.84652429088207,1,Normal
2023-01-01 04:22:00,74.19510194983502,62.584207243807604,162.3654418274888,1,Normal
2023-01-01 04:23:00,54.512130031902835,31.350848897834897,188.98043173478774,1,Normal
2023-01-01 04:24:00,78.49644845177886,27.069747094541267,157.05890250933163,1,Normal
2023-01-01 04:25:00,37.16337202506038,45.36193679766743,198.89756780790276,1,Normal
2023-01-01 04:26:00,12.076193498870747,39.58145076114283,126.88827764547213,1,Normal
2023-01-01 04:27:00,51.102154644664125,55.52041051010603,194.47947454792288,1,Normal
2023-01-01 04:28:00,35.653819931856624,53.65087842154716,176.82425808039983,1,Normal
2023-01-01 04:29:00,62.066632854783364,47.02716903421282,122.81769047229972,1,Normal
2023-01-01 04:30:00,26.640092967497374,64.83815260559928,180.65124277948507,1,Normal
2023-01-01 04:31:00,56.368613962626554,27.11477647174646,115.79883512010127,1,Normal
2023-01-01 04:32:00,17.50543132434867,66.44708049061094,160.3151719696388,1,Normal
2023-01-01 04:33:00,72.64390719075831,53.73604445391371,165.20580083615036,1,Normal
2023-01-01 04:34:00,49.32431352968024,68.86737016707892,198.00440172757445,1,Normal
2023-01-01 04:35:00,28.22697606663028,65.89905340289985,143.31388615707237,1,Normal
2023-01-01 04:36:00,22.879965492660773,41.77860982804094,181.38466030394534,1,Normal
2023-01-01 04:37:00,19.499038358187438,48.99929759873792,179.4226262430397,1,Normal
2023-01-01 04:38:00,52.26916193500774,60.506995656526534,143.02456416436326,1,Normal
2023-01-01 04:39:00,48.24495438601155,52.33157782288817,118.12448753397064,1,Normal
2023-01-01 04:40:00,17.882836256083625,58.019865835473695,108.24256210189118,1,Normal
2023-01-01 04:41:00,64.11029059974933,38.68269463765246,144.8048427789194,1,Normal
2023-01-01 04:42:00,51.16897816843078,25.14183539068272,189.76037328169681,1,Normal
2023-01-01 04:43:00,40.68235135764378,27.417316423867693,100.85449477695444,1,Normal
2023-01-01 04:44:00,11.270993567616243,24.828625231497764,158.35252757226954,-1,Anomaly
2023-01-01 04:45:00,16.37976038944966,40.918492666714826,166.2305339886955,1,Normal
2023-01-01 04:46:00,74.0320904993006,28.323080858951293,127.7029071917217,1,Normal
2023-01-01 04:47:00,45.84273592033248,69.0987263991145,185.37348660071225,1,Normal
2023-01-01 04:48:00,23.754812141610152,24.018431992418137,194.62432766511847,-1,Anomaly
2023-01-01 04:49:00,65.56344110599005,25.557660147391967,169.99401871902796,1,Normal
2023-01-01 04:50:00,68.30236588506543,21.109291747503843,151.15193342005549,1,Normal
2023-01-01 04:51:00,36.047535854041584,50.96385004351972,193.3500301745471,1,Normal
2023-01-01 04:52:00,69.78151802476805,39.339023967572146,144.20326683113058,1,Normal
2023-01-01 04:53:00,51.02908765324548,45.96261496150984,196.0299953941252,1,Normal
2023-01-01 04:54:00,34.034154729343854,60.845932370715076,108.71373840408451,1,Normal
2023-01-01 04:55:00,56.51343800285697,62.191259892701034,139.0588598229807,1,Normal
2023-01-01 04:56:00,49.878705783921966,43.28156489507943,134.44798383193074,1,Normal
2023-01-01 04:57:00,18.08873844116182,56.48206025071756,176.8699965840952,1,Normal
2023-01-01 04:58:00,42.60140587522,57.814442749070096,111.60630576483102,1,Normal
2023-01-01 04:59:00,13.544507796123918,28.958638780458735,175.2321145396885,1,Normal
2023-01-01 05:00:00,99.05272001211891,81.5933978350604,458.8884497640297,-1,Anomaly
2023-01-01 05:01:00,54.93974868916372,27.214783316654426,185.5589812647804,1,Normal
2023-01-01 05:02:00,62.96420669004849,64.99680105693372,194.7348390554586,1,Normal
2023-01-01 05:03:00,54.18566959083506,57.53367067066814,122.7255916024734,1,Normal
2023-01-01 05:04:00,11.72039843694671,34.814192614518255,177.916444698632,1,Normal
2023-01-01 05:05:00,32.683756095385334,39.983709487603846,145.5307659512032,1,Normal
2023-01-01 05:06:00,73.15038525080405,25.5311160870516,135.95124805988758,1,Normal
2023-01-01 05:07:00,61.10831446141023,23.19208025696141,130.4941054731323,1,Normal
2023-01-01 05:08:00,70.79665052924342,60.7757935609107,120.68058280210182,1,Normal
2023-01-01 05:09:00,66.1912906676265,43.33270110333224,168.06193377855266,1,Normal
2023-01-01 05:10:00,37.66340669635012,29.69993680016627,190.60270472082698,1,Normal
2023-01-01 05:11:00,54.42428521680329,20.350151480801834,183.82250018200568,-1,Anomaly
2023-01-01 05:12:00,49.23053997398168,40.134334819050906,187.84916499321088,1,Normal
2023-01-01 05:13:00,68.05156132057846,68.11032959232844,102.94144207552213,-1,Anomaly
2023-01-01 05:14:00,52.01212689831066,25.64563028682808,147.38862451966827,1,Normal
2023-01-01 05:15:00,49.32830649036727,34.44975684962068,171.02540797734758,1,Normal
2023-01-01 05:16:00,39.8279580273191,24.73734950639915,196.41121642472626,1,Normal
2023-01-01 05:17:00,12.240487669830316,60.11174512675179,138.60275917646914,1,Normal
2023-01-01 05:18:00,63.54274369660206,62.70085070096922,185.43382198908535,1,Normal
2023-01-01 05:19:00,10.672212010855977,41.94365693170167,135.29714960362128,1,Normal
2023-01-01 05:20:00,37.854378192977904,42.88310603947253,166.98747105568293,1,Normal
2023-01-01 05:21:00,26.478274420508296,49.936177963992485,125.34358081193363,1,Normal
2023-01-01 05:22:00,21.621794341023634,30.680979168110255,153.31341697765978,1,Normal
2023-01-01 05:23:00,62.70310788143403,31.28825815539235,155.80816138194328,1,Normal
2023-01-01 05:24:00,50.628558900377236,62.16065294828353,165.90582593245801,1,Normal
2023-01-01 05:25:00,57.93390767392018,60.705374984527914,168.5200427344311,1,Normal
2023-01-01 05:26:00,17.943990594359242,63.674974040041675,134.22900331635952,1,Normal
2023-01-01 05:27:00,29.14062028856769,41.249064586969894,104.43028506001117,1,Normal
2023-01-01 05:28:00,35.55412427136201,38.50997206457056,155.615833354194,1,Normal
2023-01-01 05:29:00,36.97866629135033,54.20082882395188,131.95857858514108,1,Normal
2023-01-01 05:30:00,33.052901966327,56.59660543474951,114.17768302135394,1,Normal
2023-01-01 05:31:00,14.475220383413477,30.124603809194827,176.4666532596688,1,Normal
2023-01-01 05:32:00,33.79862412923965,25.63270817633912,100.55672788223855,1,Normal
2023-01-01 05:33:00,11.94428394931979,62.12315109843954,180.0331427639342,1,Normal
2023-01-01 05:34:00,68.75293433693295,69.34284154107704,188.00332900302283,1,Normal
2023-01-01 05:35:00,66.30921403548024,29.42683318899892,111.09810153818846,1,Normal
2023-01-01 05:36:00,14.945527385153497,22.970867665977188,192.10000360352507,-1,Anomaly
2023-01-01 05:37:00,22.183979830607477,48.70468229128456,125.60138721857736,1,Normal
2023-01-01 05:38:00,54.981124631369134,22.027010232117643,197.39154738538468,-1,Anomaly
2023-01-01 05:39:00,38.06508540867493,52.85478288547288,100.30616766135022,1,Normal
2023-01-01 05:40:00,66.00981555137554,41.11027270318043,178.73456315986851,1,Normal
2023-01-01 05:41:00,58.050692016833096,40.62868473544595,174.32311860529057,1,Normal
2023-01-01 05:42:00,48.275521407869014,59.004531936618115,167.69164391219232,1,Normal
2023-01-01 05:43:00,21.27599633078613,49.854572345921866,156.57581635089534,1,Normal
2023-01-01 05:44:00,25.394421056359334,69.4914015958437,150.56923982289837,1,Normal
2023-01-01 05:45:00,71.05513514531901,61.78852074488863,185.27923581649873,1,Normal
2023-01-01 05:46:00,37.43789543419172,47.30763889643708,199.83954011350818,1,Normal
2023-01-01 05:47:00,19.15591855358746,63.772875362281894,130.9371250714291,1,Normal
2023-01-01 05:48:00,48.55122281490071,60.447038801832704,137.0622548905865,1,Normal
2023-01-01 05:49:00,32.789185864203745,27.86217723789641,185.98503373467665,1,Normal
2023-01-01 05:50:00,42.127741074079495,50.458593094322666,105.91911596658575,1,Normal
2023-01-01 05:51:00,22.17110552556416,50.43228314242252,113.33611388134594,1,Normal
2023-01-01 05:52:00,34.76954556692127,52.15096601830362,105.65146228249155,1,Normal
2023-01-01 05:53:00,41.123944155423196,27.610563419611044,150.09447665403246,1,Normal
2023-01-01 05:54:00,53.7057933759609,22.355079128134786,160.65795530094266,1,Normal
2023-01-01 05:55:00,65.4471422595553,35.459256628922994,122.95060444233346,1,Normal
2023-01-01 05:56:00,10.753271219014517,69.50813914413112,140.9720527512824,-1,Anomaly
2023-01-01 05:57:00,74.09792725678858,67.62544411315261,126.13492015758021,1,Normal
2023-01-01 05:58:00,76.77798614532378,42.18109588797182,180.8386636213266,1,Normal
2023-01-01 05:59:00,48.14905913926759,69.06127607039234,119.2684563473961,1,Normal
2023-01-01 06:00:00,70.18067453944226,56.23725335156548,150.03756923428006,1,Normal
2023-01-01 06:01:00,24.52951446057233,29.52193096601977,144.5741710477626,1,Normal
2023-01-01 06:02:00,57.57183035936456,20.64298096127767,102.90473019243184,-1,Anomaly
2023-01-01 06:03:00,43.9290839733647,44.49747246834897,174.87220684161122,1,Normal
2023-01-01 06:04:00,55.96937482640598,54.3005537642698,166.86818593902797,1,Normal
2023-01-01 06:05:00,10.965602979631377,61.17031498600495,103.46552699881869,-1,Anomaly
2023-01-01 06:06:00,31.61140392145859,33.1728522154211,163.51435665794065,1,Normal
2023-01-01 06:07:00,60.407333652989216,55.15772080629162,179.44947325372567,1,Normal
2023-01-01 06:08:00,10.503691154938279,51.974840412703685,134.10205753388595,1,Normal
2023-01-01 06:09:00,26.171880879685077,29.36313071482278,144.07388971731157,1,Normal
2023-01-01 06:10:00,76.30329129589344,58.60605559445667,106.50024832268487,1,Normal
2023-01-01 06:11:00,74.26070836295939,41.679176650857244,121.63768982410792,1,Normal
2023-01-01 06:12:00,72.02276225375223,30.023297110737282,104.41351736992914,-1,Anomaly
2023-01-01 06:13:00,66.6676927523477,24.49212856667227,152.82662706870906,1,Normal
2023-01-01 06:14:00,47.087855267375495,57.35227515275173,128.48937003520345,1,Normal
2023-01-01 06:15:00,48.757266620804614,30.734959271043,175.36684744000854,1,Normal
2023-01-01 06:16:00,49.91897012824696,50.74872584378271,127.74218043972405,1,Normal
2023-01-01 06:17:00,70.83839484954484,35.97235127485249,126.59826896195908,1,Normal
2023-01-01 06:18:00,62.9631209491031,30.96182477245436,104.47891254925763,1,Normal
2023-01-01 06:19:00,64.52299620430898,62.44099290104636,169.53019756987607,1,Normal
2023-01-01 06:20:00,57.08313514234933,47.886281105747585,127.7030779988904,1,Normal
2023-01-01 06:21:00,71.27627064138281,62.09473042809367,172.58669294224592,1,Normal
2023-01-01 06:22:00,69.49945570678723,38.4263676451311,111.0490794821062,1,Normal
2023-01-01 06:23:00,56.25074880848496,41.46106926919701,175.04428328369323,1,Normal
2023-01-01 06:24:00,32.402822881519526,42.66947611493484,167.76518165152646,1,Normal
2023-01-01 06:25:00,29.172215964010384,37.88139069933143,102.56939005480011,1,Normal
2023-01-01 06:26:00,28.353006751441765,30.181884834468455,162.33770738361403,1,Normal
2023-01-01 06:27:00,33.54823471993542,36.229804119929156,124.49756318205388,1,Normal
2023-01-01 06:28:00,21.172524354168402,28.012302044028154,125.69870225521197,1,Normal
2023-01-01 06:29:00,60.292615362293496,51.14678251710649,114.59108396324216,1,Normal
2023-01-01 06:30:00,42.4524970760276,57.62179237034806,175.41083925928774,1,Normal
2023-01-01 06:31:00,56.23523623359276,22.6488698107119,182.6011387283018,1,Normal
2023-01-01 06:32:00,48.775182032479,20.181779339778615,157.73269966459696,-1,Anomaly
2023-01-01 06:33:00,59.80776734631331,22.91032143671424,167.95547795386904,1,Normal
2023-01-01 06:34:00,37.54389034403626,64.833349368554,141.81161027893071,1,Normal
2023-01-01 06:35:00,50.863825854155046,63.634893177101716,192.78511808884747,1,Normal
2023-01-01 06:36:00,14.45724409118974,29.06416837093783,182.24006231062327,1,Normal
2023-01-01 06:37:00,49.627513286233835,28.67376151553504,175.1954523170313,1,Normal
2023-01-01 06:38:00,69.06166685978698,57.96322706073628,142.07533653747754,1,Normal
2023-01-01 06:39:00,23.738693971489575,38.665725970760356,113.3548362940367,1,Normal
2023-01-01 06:40:00,87.81630907267919,83.68094789683634,368.8729065815349,-1,Anomaly
2023-01-01 06:41:00,77.74420054186659,27.70565095945514,189.82318181044195,-1,Anomaly
2023-01-01 06:42:00,66.38357757905298,43.84470005934459,159.96794057818354,1,Normal
2023-01-01 06:43:00,28.016602545526915,20.05579070344879,105.37552965400243,-1,Anomaly
2023-01-01 06:44:00,72.62505252929704,66.69895645149305,142.29479428573487,1,Normal
2023-01-01 06:45:00,61.11325594454717,45.119744983883166,192.35980226481303,1,Normal
2023-01-01 06:46:00,32.730901883633365,63.596434159244964,117.47204555271914,1,Normal
2023-01-01 06:47:00,74.30548573996398,56.69396536533818,199.99332897748474,1,Normal
2023-01-01 06:48:00,48.63336151194922,63.718992557850044,173.2605768612404,1,Normal
2023-01-01 06:49:00,42.245322631418574,26.42652551526749,143.82567654586472,1,Normal
2023-01-01 06:50:00,23.548761755448503,32.88535629320267,114.18342611833212,1,Normal
2023-01-01 06:51:00,77.64749641167138,68.82965901052171,182.89335448261033,-1,Anomaly
2023-01-01 06:52:00,49.19458698000116,35.604269358947235,161.06575106258362,1,Normal
2023-01-01 06:53:00,26.157497158550758,64.29827729152036,166.49398725803437,1,Normal
2023-01-01 06:54:00,26.401899818830987,61.00585041878963,154.24391748798092,1,Normal
2023-01-01 06:55:00,48.816595755422156,44.152793562017976,130.24565626714158,1,Normal
2023-01-01 06:56:00,13.046818533697087,69.67247750897607,169.55860108520505,-1,Anomaly
2023-01-01 06:57:00,51.02077519928414,67.19433659277911,162.82926335604674,1,Normal
2023-01-01 06:58:00,41.66371120212104,21.75136761855746,190.10232388509337,1,Normal
2023-01-01 06:59:00,55.93231302788057,24.991748077530378,192.9831492973817,1,Normal
2023-01-01 07:00:00,17.654876427002563,48.70873457025972,134.44453970129496,1,Normal
2023-01-01 07:01:00,48.618113846481734,31.53047769440441,141.7867884624248,1,Normal
2023-01-01 07:02:00,60.91606987108809,57.35459442698031,163.77810769502975,1,Normal
2023-01-01 07:03:00,25.115010292153904,33.290124389481356,139.16718414974915,1,Normal
2023-01-01 07:04:00,45.31487228255219,59.762594425390944,194.10390454629567,1,Normal
2023-01-01 07:05:00,29.620894784071595,66.07787862867555,169.53929743560718,1,Normal
2023-01-01 07:06:00,33.77312997789641,66.71950622051529,188.41048914350066,1,Normal
2023-01-01 07:07:00,15.304280772292739,32.52363752642596,158.73288448786437,1,Normal
2023-01-01 07:08:00,29.055590003468723,49.81662506981108,137.85099613264003,1,Normal
2023-01-01 07:09:00,58.0981136559722,22.075326507194305,169.55159702857839,1,Normal
2023-01-01 07:10:00,65.09562415407652,55.812091162227,199.29822536640415,1,Normal
2023-01-01 07:11:00,58.19285801642452,68.69952888238359,181.7016867425861,1,Normal
2023-01-01 07:12:00,14.595229501214957,33.6334287174983,135.82368939410895,1,Normal
2023-01-01 07:13:00,13.740639270693844,35.58720524517513,186.2983606098211,1,Normal
2023-01-01 07:14:00,11.389653423917741,35.21593765921905,108.45884370357496,-1,Anomaly
2023-01-01 07:15:00,69.75905965142182,46.252530594847045,186.27288094965803,1,Normal
2023-01-01 07:16:00,24.999388664685135,45.30765184015094,133.10617674550474,1,Normal
2023-01-01 07:17:00,37.04620056549792,39.13605564601414,152.8762452394464,1,Normal
2023-01-01 07:18:00,64.84068154056752,47.2036752122244,174.15055783795611,1,Normal
2023-01-01 07:19:00,36.57628024791795,39.93710527482409,106.75047247655701,1,Normal
2023-01-01 07:20:00,21.628001142735563,39.416008884653245,169.74982908874588,1,Normal
2023-01-01 07:21:00,79.84444093877366,39.44524187061694,105.75912390664763,-1,Anomaly
2023-01-01 07:22:00,27.867346715514792,30.671296902893268,150.27056590256007,1,Normal
2023-01-01 07:23:00,19.643525918908125,44.02609703434024,159.4397482528622,1,Normal
2023-01-01 07:24:00,78.08745844697843,24.59680994591031,131.7901920527847,-1,Anomaly
2023-01-01 07:25:00,23.85494870476469,59.428467514894734,176.93434457049648,1,Normal
2023-01-01 07:26:00,37.158613594266356,43.53039335281959,113.29025495471878,1,Normal
2023-01-01 07:27:00,69.32095107647822,48.72922180124427,183.4240605931052,1,Normal
2023-01-01 07:28:00,25.72779082196237,39.09529881960043,124.40810199494543,1,Normal
2023-01-01 07:29:00,75.52126057130812,57.91463285592305,191.96447453487087,1,Normal
2023-01-01 07:30:00,24.359808939338436,39.57574592431783,199.56248298966096,-1,Anomaly
2023-01-01 07:31:00,39.16382617196885,37.148735299704036,161.56716262078913,1,Normal
2023-01-01 07:32:00,33.34452443988723,21.54698570359123,111.44226528852197,-1,Anomaly
2023-01-01 07:33:00,52.642695297210665,33.36507970296539,151.92059268284615,1,Normal
2023-01-01 07:34:00,49.98062966914055,38.19137325209816,141.24176321476864,1,Normal
2023-01-01 07:35:00,79.20552498060236,57.917103630653,165.1476799499829,1,Normal
2023-01-01 07:36:00,52.89465600665311,54.18713551283463,142.71309872707178,1,Normal
2023-01-01 07:37:00,68.39498965514153,21.58492654184658,148.5258334441034,1,Normal
2023-01-01 07:38:00,16.936825805582913,21.957612545488935,149.3936581671539,1,Normal
2023-01-01 07:39:00,51.80576964081541,69.47807223934612,164.22950990537794,1,Normal
2023-01-01 07:40:00,69.42985932156232,56.976884992170675,190.51720178427232,1,Normal
2023-01-01 07:41:00,73.88402650392406,31.85678805417558,150.78470892003156,1,Normal
2023-01-01 07:42:00,19.221161282490577,45.570514625132766,126.42396935992925,1,Normal
2023-01-01 07:43:00,49.859174066252926,48.76191265203103,178.85583413166316,1,Normal
2023-01-01 07:44:00,23.045112170532008,30.26661753901724,110.4749985738431,1,Normal
2023-01-01 07:45:00,78.20557799187769,32.43530226473899,106.9635211879178,-1,Anomaly
2023-01-01 07:46:00,49.23194152497185,33.245732700216486,118.75501671932463,1,Normal
2023-01-01 07:47:00,42.186731956498505,25.538705741488954,177.23722262332748,1,Normal
2023-01-01 07:48:00,47.56836792512014,45.37342617503842,136.7063508891807,1,Normal
2023-01-01 07:49:00,60.39612383744688,40.59719531756354,149.10977529809878,1,Normal
2023-01-01 07:50:00,68.15004722613824,67.65429457266826,171.65535217374753,1,Normal
2023-01-01 07:51:00,38.44236921224824,46.144892944348086,136.61445300599564,1,Normal
2023-01-01 07:52:00,59.70990254178851,48.91152106049085,157.22649453747215,1,Normal
2023-01-01 07:53:00,78.24961983534371,41.68386270376541,115.63862793710376,1,Normal
2023-01-01 07:54:00,39.9464394670078,62.798928454404006,174.63961255603715,1,Normal
2023-01-01 07:55:00,50.58673068307536,22.368877076990785,139.4756870605468,1,Normal
2023-01-01 07:56:00,17.39025096653497,24.830157003683865,128.96585141429662,1,Normal
2023-01-01 07:57:00,62.913997735729346,58.13734187394255,103.60106573763615,1,Normal
2023-01-01 07:58:00,33.61410989475334,49.32021386739666,133.24497133493514,1,Normal
2023-01-01 07:59:00,61.74846986179669,32.12821774232214,119.74496535580184,1,Normal
2023-01-01 08:00:00,20.271718346828266,40.04515956379505,162.36778444723876,1,Normal
2023-01-01 08:01:00,75.975360843656,67.3593885584944,115.6191456700635,1,Normal
2023-01-01 08:02:00,23.31963532421707,54.84459300571417,157.34706708002227,1,Normal
2023-01-01 08:03:00,66.10612912454783,59.25625468395334,157.46243751331093,1,Normal
2023-01-01 08:04:00,70.55022234961628,59.88681788819687,141.30349450483382,1,Normal
2023-01-01 08:05:00,47.36285034185657,60.849478381086946,145.9101116283227,1,Normal
2023-01-01 08:06:00,49.951210589067195,33.87038133120696,184.45502099435163,1,Normal
2023-01-01 08:07:00,31.434465341509668,63.35376176506994,164.1784433854694,1,Normal
2023-01-01 08:08:00,72.92054782970246,55.22709698874657,132.20998631758164,1,Normal
2023-01-01 08:09:00,28.72841578541112,50.10024831634428,159.4573344822552,1,Normal
2023-01-01 08:10:00,64.80637218515147,25.441682646228813,142.76600948731982,1,Normal
2023-01-01 08:11:00,79.74736300304443,63.950900428213664,169.97085879765922,1,Normal
2023-01-01 08:12:00,46.87337214850501,47.86406738031677,132.5730928264876,1,Normal
2023-01-01 08:13:00,51.48687740993219,41.56954012038997,103.32200135922211,1,Normal
2023-01-01 08:14:00,41.86911968905695,38.321157820328864,115.68999858748678,1,Normal
2023-01-01 08:15:00,37.84412101363422,21.724126262614206,133.59595356851588,1,Normal
2023-01-01 08:16:00,13.259742273802503,58.664846717114,127.95071845489625,1,Normal
2023-01-01 08:17:00,35.91382193622749,43.615929850179384,132.97372996278168,1,Normal
2023-01-01 08:18:00,31.050446416457874,64.1799675284162,180.3177118937028,1,Normal
2023-01-01 08:19:00,63.771051243343955,42.211676006093555,104.27778516385406,1,Normal
2023-01-01 08:20:00,93.55125763287255,80.53668022138669,428.19711192030724,-1,Anomaly
2023-01-01 08:21:00,14.576804367591954,28.800823019565023,165.20931418291633,1,Normal
2023-01-01 08:22:00,40.579104499366395,30.272586752703017,197.63766569458858,1,Normal
2023-01-01 08:23:00,75.64574826536497,40.4718018512607,127.71749802015775,1,Normal
2023-01-01 08:24:00,30.391070888456323,55.18991336118393,148.92052569141723,1,Normal
2023-01-01 08:25:00,30.878725075581418,37.572690373667214,161.2759156242252,1,Normal
2023-01-01 08:26:00,35.20942238560579,23.966018978714615,103.22654448889362,-1,Anomaly
2023-01-01 08:27:00,31.575898170461336,63.85751411666478,167.7780211491915,1,Normal
2023-01-01 08:28:00,25.176749934367987,49.080371092361545,124.1617284193028,1,Normal
2023-01-01 08:29:00,47.06886814131798,47.224296846353994,139.9406251180647,1,Normal
2023-01-01 08:30:00,26.46402993796205,38.62217053034373,192.09168968385578,1,Normal
2023-01-01 08:31:00,75.51860228717291,51.45796867974238,189.54553012151075,1,Normal
2023-01-01 08:32:00,43.87392422503207,65.61415941456201,115.95656547378273,1,Normal
2023-01-01 08:33:00,48.07704461625608,43.799988525336325,117.4516539950884,1,Normal
2023-01-01 08:34:00,47.08062443418276,60.096498210189466,146.41890155151648,1,Normal
2023-01-01 08:35:00,68.77720400030512,38.4355046681149,168.6837940947951,1,Normal
2023-01-01 08:36:00,25.326917277970495,20.86925788746686,176.17385258387426,-1,Anomaly
2023-01-01 08:37:00,75.80769845906299,52.963856627533715,180.6564914871935,1,Normal
2023-01-01 08:38:00,71.2081894024027,67.58892526623401,147.121246677959,1,Normal
2023-01-01 08:39:00,62.73796379463631,62.00048067866144,145.37293882645923,1,Normal
2023-01-01 08:40:00,11.071266379710037,43.77006042422539,192.1113100888624,-1,Anomaly
2023-01-01 08:41:00,51.78931186620272,26.21272290706046,143.97719321164104,1,Normal
2023-01-01 08:42:00,56.59517152010709,28.249568975355785,143.93329916518866,1,Normal
2023-01-01 08:43:00,24.881596932499214,26.34623666356017,134.79203061814528,1,Normal
2023-01-01 08:44:00,43.64532040153926,27.34529222845649,129.8649570496232,1,Normal
2023-01-01 08:45:00,60.02183736018059,51.13410179820015,194.30144063228565,1,Normal
2023-01-01 08:46:00,10.266201294884572,24.564766770901514,134.4173485259585,-1,Anomaly
2023-01-01 08:47:00,73.0726413500758,32.537449598513334,160.55322608494984,1,Normal
2023-01-01 08:48:00,14.984695186792079,44.232570398518334,179.69404729620206,1,Normal
2023-01-01 08:49:00,57.50208300361406,54.72274661497918,181.8054388862245,1,Normal
2023-01-01 08:50:00,28.299375383400353,23.608735839458564,136.58678478765268,1,Normal
2023-01-01 08:51:00,44.291711850784445,24.21351571436177,152.41333339927635,1,Normal
2023-01-01 08:52:00,30.742288994426552,64.92398275182015,124.2528890346752,1,Normal
2023-01-01 08:53:00,11.446601851078437,58.33274981922855,162.68186907625648,1,Normal
2023-01-01 08:54:00,74.93840920927337,24.370368255653027,170.79047005644867,1,Normal
2023-01-01 08:55:00,52.18249607074669,30.51513517746214,112.984152003889,1,Normal
2023-01-01 08:56:00,59.66031193813461,45.89993404523635,112.17230631875063,1,Normal
2023-01-01 08:57:00,70.26892415928522,63.93126948633814,180.74139886219183,1,Normal
2023-01-01 08:58:00,44.72076370422167,57.602886094479324,198.22924872380088,1,Normal
2023-01-01 08:59:00,69.52227392603318,57.39105667872837,111.94875974002416,1,Normal
2023-01-01 09:00:00,49.65606478241084,27.649413219300005,192.81514383688426,1,Normal
2023-01-01 09:01:00,67.9371460126608,60.82771626938454,120.15706333800927,1,Normal
2023-01-01 09:02:00,16.398646475765318,62.170975487398685,136.17941111757355,1,Normal
2023-01-01 09:03:00,48.61130586261532,25.49202180116564,155.59218830933924,1,Normal
2023-01-01 09:04:00,25.336071887854487,43.66198041572852,161.67829177316577,1,Normal
2023-01-01 09:05:00,45.82670237194532,69.79032319972843,178.97660491429394,1,Normal
2023-01-01 09:06:00,55.675350401348894,27.72202358803453,193.67449392863625,1,Normal
2023-01-01 09:07:00,28.696028235717137,47.634220772351796,153.15475699255217,1,Normal
2023-01-01 09:08:00,43.4679472101428,60.74901728170625,136.35256239302385,1,Normal
2023-01-01 09:09:00,16.28047760432108,39.14527635106131,127.63317996835116,1,Normal
2023-01-01 09:10:00,43.04977546827259,62.4502382667213,193.26958775885313,1,Normal
2023-01-01 09:11:00,75.4493328252581,24.60849341481494,184.917489127326,-1,Anomaly
2023-01-01 09:12:00,38.914834930507,32.9385799108954,118.10492401893458,1,Normal
2023-01-01 09:13:00,61.37071748240361,61.20607610850978,102.97316246884478,1,Normal
2023-01-01 09:14:00,28.4269223798079,66.2531104291769,170.20634207606463,1,Normal
2023-01-01 09:15:00,24.138675004321286,49.45920885434482,143.13906568374722,1,Normal
2023-01-01 09:16:00,74.23565624251881,35.9118627025131,171.09891542645562,1,Normal
2023-01-01 09:17:00,43.66370739590308,60.90805288010992,188.57930751789263,1,Normal
2023-01-01 09:18:00,51.51207984516733,61.86204150824926,172.91992202535693,1,Normal
2023-01-01 09:19:00,74.7114750368257,36.97392100033713,170.35303807225,1,Normal
2023-01-01 09:20:00,72.24442940999518,64.46974202464153,161.42839227689598,1,Normal
2023-01-01 09:21:00,27.81242574843402,24.340659491613785,109.83559213848521,1,Normal
2023-01-01 09:22:00,32.98985481038757,38.77353891537584,137.55110690789422,1,Normal
2023-01-01 09:23:00,54.98606405801392,39.959142589901234,162.95540990437638,1,Normal
2023-01-01 09:24:00,64.50961045966028,56.254055936205425,159.7275565101257,1,Normal
2023-01-01 09:25:00,23.963469926152634,61.35371507726805,179.97247920592736,1,Normal
2023-01-01 09:26:00,36.99529283859937,47.77859313778549,120.76588781838137,1,Normal
2023-01-01 09:27:00,48.51900101260888,28.773067358576835,186.6512045525905,1,Normal
2023-01-01 09:28:00,58.83182270999074,39.869761663422324,116.66298057100866,1,Normal
2023-01-01 09:29:00,12.10171690528827,42.51933580237436,124.73723086471493,1,Normal
2023-01-01 09:30:00,40.25465634351848,56.210004058672716,108.96912318582044,1,Normal
2023-01-01 09:31:00,36.09434779313578,37.165659796728704,101.11090975175156,1,Normal
2023-01-01 09:32:00,54.460895782636875,25.206372220154854,133.9213170959273,1,Normal
2023-01-01 09:33:00,76.38992935693913,27.478457307964476,108.986169201663,-1,Anomaly
2023-01-01 09:34:00,26.60316017211558,68.31684080343635,121.67910017051092,1,Normal
2023-01-01 09:35:00,37.78157147657044,69.84347819545067,173.42837564557271,1,Normal
2023-01-01 09:36:00,31.778566330350447,40.925045560669524,103.30103656190673,1,Normal
2023-01-01 09:37:00,63.05174296056468,58.957471112908834,120.39115439566046,1,Normal
2023-01-01 09:38:00,75.87702618042081,34.72044663335065,131.97810517479925,1,Normal
2023-01-01 09:39:00,62.07783251545027,23.756060137668793,156.50320511040783,1,Normal
2023-01-01 09:40:00,78.06385226082497,30.913978935464804,171.8445932454028,1,Normal
2023-01-01 09:41:00,40.59274013331641,51.04295320837892,174.3048769346375,1,Normal
2023-01-01 09:42:00,70.14297415978805,56.971649340575155,191.1658786729455,1,Normal
2023-01-01 09:43:00,59.37170726254033,51.03853999959572,148.08010913195307,1,Normal
2023-01-01 09:44:00,60.03535528271567,55.1597174571778,199.8188057587926,1,Normal
2023-01-01 09:45:00,40.986908817153044,69.97088072003218,195.2427456814305,-1,Anomaly
2023-01-01 09:46:00,77.44517886328076,60.67110347182261,147.66498243912469,1,Normal
2023-01-01 09:47:00,35.88434372254041,48.23257521159285,158.09211887715622,1,Normal
2023-01-01 09:48:00,42.5582644225747,67.15418327192279,102.3992901756262,1,Normal
2023-01-01 09:49:00,22.41910663239763,50.84443480424412,144.91248972567678,1,Normal
2023-01-01 09:50:00,78.45796743579587,46.008276787015,130.58350814621423,1,Normal
2023-01-01 09:51:00,61.27326009038143,66.54863412504395,183.14806962422227,1,Normal
2023-01-01 09:52:00,58.65082199304798,49.94683701264829,141.2080437307133,1,Normal
2023-01-01 09:53:00,58.324219970171676,65.83489510256848,102.22759798653212,1,Normal
2023-01-01 09:54:00,76.32747634507265,55.69143759085765,146.15498764869687,1,Normal
2023-01-01 09:55:00,31.66460985930421,37.72809838602801,198.59372916011532,1,Normal
2023-01-01 09:56:00,47.06242237383166,24.027542590819326,138.46449658207374,1,Normal
2023-01-01 09:57:00,44.22038536569407,61.15240323008624,121.66115793986211,1,Normal
2023-01-01 09:58:00,44.37215817212779,59.87518042754452,177.4900629913994,1,Normal
2023-01-01 09:59:00,75.19500609775531,66.37174984588148,128.31482523612428,1,Normal
2023-01-01 10:00:00,87.80612761019609,89.7401492449772,279.35155619019446,-1,Anomaly
2023-01-01 10:01:00,44.340471140564105,36.01826507888953,115.8188141072349,1,Normal
2023-01-01 10:02:00,29.712795256026084,30.494826375306012,162.2270893130327,1,Normal
2023-01-01 10:03:00,70.72576623212026,65.50712801512532,133.88187880821664,1,Normal
2023-01-01 10:04:00,29.532092995206824,48.02798992112457,157.84583321812505,1,Normal
2023-01-01 10:05:00,17.48268308845208,51.009859749117986,159.95048318390036,1,Normal
2023-01-01 10:06:00,39.667512711865015,38.02085369533371,130.4359788632734,1,Normal
2023-01-01 10:07:00,17.018861997233124,43.336763981599404,144.45105088165832,1,Normal
2023-01-01 10:08:00,43.09797859145004,29.335316364577523,144.19284294965593,1,Normal
2023-01-01 10:09:00,53.27004839542983,54.73323407971504,113.63907720896604,1,Normal
2023-01-01 10:10:00,77.30581258272011,42.04895335106261,146.35645577409005,1,Normal
2023-01-01 10:11:00,61.24115168541942,66.4829497740582,174.08937321957967,1,Normal
2023-01-01 10:12:00,54.95285141377677,48.30883096356655,175.95910655709315,1,Normal
2023-01-01 10:13:00,16.01111798391726,25.08259432117164,146.37411253607607,1,Normal
2023-01-01 10:14:00,30.911585865551974,51.77992849561521,181.67809806771035,1,Normal
2023-01-01 10:15:00,59.8602562628268,50.69380919760516,179.83710899595576,1,Normal
2023-01-01 10:16:00,62.856909202971316,33.14387157264311,146.89846894490577,1,Normal
2023-01-01 10:17:00,67.4849577947275,38.453316862932816,172.79942199589294,1,Normal
2023-01-01 10:18:00,70.18488083476058,38.997266892321214,172.3307985568722,1,Normal
2023-01-01 10:19:00,24.671692503593206,26.243028473782232,162.35545127007418,1,Normal
2023-01-01 10:20:00,31.70419395815819,55.53777251532626,153.08017565770297,1,Normal
2023-01-01 10:21:00,55.549217959042586,46.162847019228266,141.1250882953354,1,Normal
2023-01-01 10:22:00,41.223886347887756,23.80255484457317,128.28880679327432,1,Normal
2023-01-01 10:23:00,15.833820964601715,29.740007537845187,128.34652400216373,1,Normal
2023-01-01 10:24:00,69.67168240148732,38.206929746878615,137.73602990397083,1,Normal
2023-01-01 10:25:00,59.881558050688454,36.48507587060922,123.97402051790834,1,Normal
2023-01-01 10:26:00,31.160099936559224,53.092087510813805,197.98625118178515,1,Normal
2023-01-01 10:27:00,36.737716048594635,51.18328479996265,175.43777420603809,1,Normal
2023-01-01 10:28:00,42.174569943824146,37.141808691614095,119.97039645567978,1,Normal
2023-01-01 10:29:00,45.2791112110635,49.47369918498883,116.41644280454175,1,Normal
2023-01-01 10:30:00,72.98381181544784,66.95453891094263,193.93523909113574,1,Normal
2023-01-01 10:31:00,36.53143859654661,61.957073793552254,161.26149577974005,1,Normal
2023-01-01 10:32:00,34.22632331956336,58.49791496763787,187.17003071272234,1,Normal
2023-01-01 10:33:00,27.86655818570867,62.68195783717614,194.27980144213984,1,Normal
2023-01-01 10:34:00,76.00336108460874,31.517315622732703,151.36100551466163,1,Normal
2023-01-01 10:35:00,60.48259381217509,69.18300386672252,155.94280440692046,1,Normal
2023-01-01 10:36:00,53.890860821644836,51.45057247044831,159.34144578559653,1,Normal
2023-01-01 10:37:00,65.26073700901026,28.534598053536097,116.20568286643251,1,Normal
2023-01-01 10:38:00,57.21269426114307,60.724720360978,161.47903129632354,1,Normal
2023-01-01 10:39:00,74.20723648155582,46.36497883407921,119.66920912003395,1,Normal
2023-01-01 10:40:00,48.53146558818505,68.69740955787631,131.43011498083263,1,Normal
2023-01-01 10:41:00,60.07380155711762,33.556482718580185,153.0141869935313,1,Normal
2023-01-01 10:42:00,59.83335400092259,49.403608111537345,116.3464776076367,1,Normal
2023-01-01 10:43:00,65.40353313680973,54.6390040580196,151.53439998305387,1,Normal
2023-01-01 10:44:00,44.130937775812015,59.56064860702976,114.75119203119586,1,Normal
2023-01-01 10:45:00,30.63749398281098,57.733357682550015,154.12962221961595,1,Normal
2023-01-01 10:46:00,32.17080341804656,31.251876304473168,167.28262197072166,1,Normal
2023-01-01 10:47:00,20.030759130015277,66.16708288784037,197.84406660223618,-1,Anomaly
2023-01-01 10:48:00,13.55916222779493,34.61651511769844,129.02519327828983,1,Normal
2023-01-01 10:49:00,25.999718706123502,49.8629036410249,183.84569266106635,1,Normal
2023-01-01 10:50:00,60.80810864085291,53.193994581771804,124.79888060372852,1,Normal
2023-01-01 10:51:00,73.69084601754929,40.44864089782726,182.9467717231808,1,Normal
2023-01-01 10:52:00,54.92916026870315,46.67510676201316,117.26561743443347,1,Normal
2023-01-01 10:53:00,17.13803707483644,32.11342471939998,121.87776990308325,1,Normal
2023-01-01 10:54:00,57.232588721092924,53.55156354140658,109.56362733571923,1,Normal
2023-01-01 10:55:00,58.40779217077861,54.059239734136135,109.86138410017871,1,Normal
2023-01-01 10:56:00,24.593290073560336,36.34815208729103,126.59669388486162,1,Normal
2023-01-01 10:57:00,11.57026159109403,64.5701685841639,195.13519632340166,-1,Anomaly
2023-01-01 10:58:00,32.244136946339566,21.631860502743166,103.66819669343738,-1,Anomaly
2023-01-01 10:59:00,10.423889307855168,25.93860978809425,124.14413981023253,-1,Anomaly
2023-01-01 11:00:00,58.19913893251348,51.67499867241547,180.28757023862988,1,Normal
2023-01-01 11:01:00,48.259939507214895,45.080732058931545,195.70093389201247,1,Normal
2023-01-01 11:02:00,37.19023579313048,21.369601882306664,108.04577282695237,-1,Anomaly
2023-01-01 11:03:00,69.67230657742431,68.74034972569446,125.67001438021734,1,Normal
2023-01-01 11:04:00,18.84180275150299,43.603163374768215,129.77730311236076,1,Normal
2023-01-01 11:05:00,75.15950461336642,31.957678811992118,185.70911057432113,1,Normal
2023-01-01 11:06:00,78.05621755727815,37.524736989499125,105.52889773761554,-1,Anomaly
2023-01-01 11:07:00,16.81425366387907,31.519244927999683,123.37478697128238,1,Normal
2023-01-01 11:08:00,64.30177466653586,23.894977966712776,154.3001820434912,1,Normal
2023-01-01 11:09:00,79.1811372945629,61.85286093481158,152.68132257449858,1,Normal
2023-01-01 11:10:00,68.39173093147697,55.12460730927951,137.35546330381868,1,Normal
2023-01-01 11:11:00,53.16682249854713,20.13592246966705,114.62608611991452,-1,Anomaly
2023-01-01 11:12:00,75.29907513265124,62.23472925034881,104.89228920467664,1,Normal
2023-01-01 11:13:00,32.003053800911886,54.90233103982107,156.81894493419156,1,Normal
2023-01-01 11:14:00,44.49865107751682,52.47843202995322,149.81899880135506,1,Normal
2023-01-01 11:15:00,61.46325693312639,38.17125138801599,120.35880847009884,1,Normal
2023-01-01 11:16:00,76.8266887942878,55.404558283508706,159.81797348457732,1,Normal
2023-01-01 11:17:00,76.427903917081,48.117622832288916,142.15286567743763,1,Normal
2023-01-01 11:18:00,25.63606360464241,44.13207798219081,132.5943593254388,1,Normal
2023-01-01 11:19:00,45.9797308912416,59.30649170342274,105.32795295226664,1,Normal
2023-01-01 11:20:00,63.850661443439,69.18532871476313,119.00298426731669,1,Normal
2023-01-01 11:21:00,67.61664698087951,59.52813901948736,126.76759417798925,1,Normal
2023-01-01 11:22:00,19.875703619773972,51.73578804607081,164.253640233758,1,Normal
2023-01-01 11:23:00,20.657040978185936,42.63439666154585,160.8626305247494,1,Normal
2023-01-01 11:24:00,68.27014340569761,69.95023724646586,165.2827652477742,1,Normal
2023-01-01 11:25:00,55.80711928109896,39.22746168789216,147.1749685456672,1,Normal
2023-01-01 11:26:00,71.62316910474243,38.85579320679951,152.51263074454835,1,Normal
2023-01-01 11:27:00,27.476751163748183,55.35321489098217,131.12573882464906,1,Normal
2023-01-01 11:28:00,44.268042995351195,43.11367371651392,162.36947599638117,1,Normal
2023-01-01 11:29:00,73.51291586681035,27.465770500586743,114.60213659711242,1,Normal
2023-01-01 11:30:00,39.713245637390656,35.104379158497224,118.27608161119504,1,Normal
2023-01-01 11:31:00,48.322074886011464,21.679471015702642,138.4807687925237,1,Normal
2023-01-01 11:32:00,76.27663482747599,20.698568815720847,144.1665745762432,-1,Anomaly
2023-01-01 11:33:00,35.83506798801061,62.901902106528205,140.5585190748114,1,Normal
2023-01-01 11:34:00,11.774392599552616,26.97614106181496,172.055389075116,1,Normal
2023-01-01 11:35:00,58.74105098821605,69.07985191751337,102.86988316765449,-1,Anomaly
2023-01-01 11:36:00,22.525585011953133,37.75779616278737,132.42273039833563,1,Normal
2023-01-01 11:37:00,33.25422557943277,66.25478413990385,100.91831085184937,1,Normal
2023-01-01 11:38:00,48.121914446477646,59.0111619439718,194.51556828921576,1,Normal
2023-01-01 11:39:00,38.338756280485896,54.65062027975256,120.48392198669447,1,Normal
2023-01-01 11:40:00,95.4180759724139,76.45869678953389,312.31349373233513,-1,Anomaly
2023-01-01 11:41:00,11.431994239432429,48.76639606658607,113.2477708519285,1,Normal
2023-01-01 11:42:00,37.185192259220415,31.67676866244738,168.9604998668134,1,Normal
2023-01-01 11:43:00,53.31799342351228,33.25037370070431,167.8969249318156,1,Normal
2023-01-01 11:44:00,27.030757041405582,55.195931916686845,171.52458987845904,1,Normal
2023-01-01 11:45:00,23.613985607498748,49.444967654298466,190.23711684135742,1,Normal
2023-01-01 11:46:00,16.07863594853176,37.63183811156421,120.31682038216091,1,Normal
2023-01-01 11:47:00,11.34298816393396,53.196750885730445,173.87284940102523,1,Normal
2023-01-01 11:48:00,32.328414322525674,33.55951495403443,190.55964481286384,1,Normal
2023-01-01 11:49:00,17.05311104538611,49.36955519384846,162.37912292548907,1,Normal
2023-01-01 11:50:00,36.610592978674006,49.50844017636597,178.64713493701635,1,Normal
2023-01-01 11:51:00,11.030987774022925,20.71298943143238,164.56540971050939,-1,Anomaly
2023-01-01 11:52:00,25.67155947978919,65.44719111060326,188.8445823935878,1,Normal
2023-01-01 11:53:00,14.77064895876985,40.22307866966374,110.31222644005422,1,Normal
2023-01-01 11:54:00,45.236897178238635,49.56822928337975,124.23290481660419,1,Normal
2023-01-01 11:55:00,62.28494460409802,32.827310408169325,191.9663376390349,1,Normal
2023-01-01 11:56:00,38.06154557921762,59.543913608552224,159.30093948517262,1,Normal
2023-01-01 11:57:00,35.81976953624972,37.508833946665746,169.3720556386143,1,Normal
2023-01-01 11:58:00,36.033426691156755,43.73499633678733,110.33782165730814,1,Normal
2023-01-01 11:59:00,44.16719907695822,46.57274289698805,174.10771531814703,1,Normal
2023-01-01 12:00:00,57.88612002848805,44.12226253573412,155.9729212726777,1,Normal
2023-01-01 12:01:00,52.991497859116926,30.49031409236767,160.69892623039914,1,Normal
2023-01-01 12:02:00,54.8641325915295,45.856787979925585,151.82383556563326,1,Normal
2023-01-01 12:03:00,40.221512158702424,68.40148531976043,195.88122657804166,1,Normal
2023-01-01 12:04:00,31.391548053683447,53.74699827088723,101.67774360364096,1,Normal
2023-01-01 12:05:00,60.77651457706069,69.6942334692105,184.93615391733,1,Normal
2023-01-01 12:06:00,53.032433224231724,49.203188146997974,133.5960489756216,1,Normal
2023-01-01 12:07:00,39.92660817593124,38.765093594127336,195.4049270426509,1,Normal
2023-01-01 12:08:00,65.63660332856334,28.349239215538045,197.41943587799952,-1,Anomaly
2023-01-01 12:09:00,23.57825120411949,53.712686397930476,119.1269343177903,1,Normal
2023-01-01 12:10:00,17.371595534195155,61.437521425417685,106.31147942629178,1,Normal
2023-01-01 12:11:00,67.2829827616952,46.967814015433845,126.55006468390988,1,Normal
2023-01-01 12:12:00,75.4210236351637,33.6011160740357,153.78933573950664,1,Normal
2023-01-01 12:13:00,71.24772585086822,38.40851424756569,161.74399610230685,1,Normal
2023-01-01 12:14:00,78.14785425753354,56.38495549635738,187.9747269274444,1,Normal
2023-01-01 12:15:00,70.37377389066323,25.868114705266148,167.49967559050958,1,Normal
2023-01-01 12:16:00,59.57690848491767,66.54038256302678,112.62159356838288,1,Normal
2023-01-01 12:17:00,71.0432040701655,55.96248248980863,133.0240250019715,1,Normal
2023-01-01 12:18:00,73.03388469484636,40.675555018189385,102.33338742904475,1,Normal
2023-01-01 12:19:00,44.539483777090766,25.74686447443669,109.32892253100435,1,Normal
2023-01-01 12:20:00,33.79007438526784,33.479739787058755,143.9701996646429,1,Normal
2023-01-01 12:21:00,37.33952199447994,54.38019028134448,123.85581529346143,1,Normal
2023-01-01 12:22:00,15.822002899852318,57.40217303782715,127.87266380107158,1,Normal
2023-01-01 12:23:00,45.010822051072665,54.35354040519119,133.35805535303842,1,Normal
2023-01-01 12:24:00,15.992914402639853,25.37102569074493,182.13850306024656,1,Normal
2023-01-01 12:25:00,37.11083122476822,67.5292246317818,147.65621506283657,1,Normal
2023-01-01 12:26:00,44.75029211203329,29.996659984401035,100.77360906800085,-1,Anomaly
2023-01-01 12:27:00,70.39393768016332,52.187344956041116,170.50194555301542,1,Normal
2023-01-01 12:28:00,31.133586105644792,55.615656243740354,121.48265311069957,1,Normal
2023-01-01 12:29:00,50.51478941909133,55.94662274150653,128.47135673175234,1,Normal
2023-01-01 12:30:00,38.46143106161845,45.06784532363509,198.8561650955944,1,Normal
2023-01-01 12:31:00,41.8168090923684,45.38933559883692,147.62560263732587,1,Normal
2023-01-01 12:32:00,19.222042094202056,64.8319312025067,134.2629953571036,1,Normal
2023-01-01 12:33:00,75.36213135915052,27.026786756414687,158.50321532109882,1,Normal
2023-01-01 12:34:00,59.023232475688,47.83647299528822,121.52561638820744,1,Normal
2023-01-01 12:35:00,52.99990055007637,56.61145988734661,139.4107307417483,1,Normal
2023-01-01 12:36:00,16.245973913971838,39.108701393968744,159.25253918851874,1,Normal
2023-01-01 12:37:00,49.53805772441947,20.46043896170927,106.90236959939176,-1,Anomaly
2023-01-01 12:38:00,22.81624938108034,69.45446752394918,175.31632353526044,1,Normal
2023-01-01 12:39:00,72.83213337317565,47.103564931614976,188.052397396621,1,Normal
2023-01-01 12:40:00,20.46852048335396,21.900734815269132,107.44497538290469,-1,Anomaly
2023-01-01 12:41:00,31.18454802146785,49.795123594464854,120.08960024779236,1,Normal
2023-01-01 12:42:00,74.38184318385258,28.73417283649632,143.2270972170241,1,Normal
2023-01-01 12:43:00,44.8978194777361,60.53992007425616,109.88550217143617,1,Normal
2023-01-01 12:44:00,37.63731127622658,61.737886853476034,155.41448419494208,1,Normal
2023-01-01 12:45:00,56.54171582896371,23.24750788011976,127.66046897135845,1,Normal
2023-01-01 12:46:00,25.42282723641939,66.15747158359217,182.24850144931116,1,Normal
2023-01-01 12:47:00,11.62832439112145,42.8428858962171,167.56408930765613,1,Normal
2023-01-01 12:48:00,30.559751266149686,64.75956614239935,164.80028637083765,1,Normal
2023-01-01 12:49:00,26.772819751269363,69.64138019569359,133.07943763694493,1,Normal
2023-01-01 12:50:00,10.284333793130955,62.01583013353803,186.06682249944134,-1,Anomaly
2023-01-01 12:51:00,65.71509966839794,36.43382938639061,162.57873673283353,1,Normal
2023-01-01 12:52:00,75.20410177633025,33.89963779323158,122.70709525877774,1,Normal
2023-01-01 12:53:00,77.69093276736574,27.28852150533266,132.95654976891169,1,Normal
2023-01-01 12:54:00,55.71579690938941,50.852987105371994,116.20050749571988,1,Normal
2023-01-01 12:55:00,42.22546034513232,39.564119068577774,138.55117568626,1,Normal
2023-01-01 12:56:00,69.7196415922557,30.759041523107793,165.4740468584534,1,Normal
2023-01-01 12:57:00,60.957812911663304,67.71573257968203,126.07405172315586,1,Normal
2023-01-01 12:58:00,66.19579377795172,50.219108128234524,153.8837905211833,1,Normal
2023-01-01 12:59:00,51.82574805850824,57.804336079586115,182.6768429145522,1,Normal
2023-01-01 13:00:00,17.78553763776757,24.593734266446415,196.8719545286733,-1,Anomaly
2023-01-01 13:01:00,79.80959145569786,60.51176311505718,130.243687352607,1,Normal
2023-01-01 13:02:00,37.01184983341798,27.521283457651883,164.06482673959607,1,Normal
2023-01-01 13:03:00,77.20339296601031,21.595923311767127,150.09533606798118,-1,Anomaly
2023-01-01 13:04:00,40.670829925191484,66.78777296867197,162.13549708969606,1,Normal
2023-01-01 13:05:00,41.81158900428207,65.37729731211579,131.13260585843423,1,Normal
2023-01-01 13:06:00,34.335915314752995,42.571255634298566,144.6614828839922,1,Normal
2023-01-01 13:07:00,17.446557245417345,65.41479049312002,184.1994268456993,1,Normal
2023-01-01 13:08:00,51.48372823793739,53.55741943353683,111.85399898739547,1,Normal
2023-01-01 13:09:00,33.80236441410594,26.99070469796292,195.66408946359206,1,Normal
2023-01-01 13:10:00,40.11255770863042,37.670892088635384,138.9047688185,1,Normal
2023-01-01 13:11:00,20.76092524440584,30.474698997567742,180.33096216996807,1,Normal
2023-01-01 13:12:00,52.655661946544186,50.184398375608936,119.85254111859469,1,Normal
2023-01-01 13:13:00,15.017173664663606,59.14163681517592,105.33115612487197,1,Normal
2023-01-01 13:14:00,29.485996025936657,69.26057007948174,174.97083483115728,1,Normal
2023-01-01 13:15:00,49.31358027583496,37.03274681836625,146.39880095112323,1,Normal
2023-01-01 13:16:00,44.0154004120643,58.1038602260553,179.80695676299297,1,Normal
2023-01-01 13:17:00,70.97196655032037,20.023214297471675,104.19227113328444,-1,Anomaly
2023-01-01 13:18:00,48.412574136683894,49.81930965792567,177.54504436699136,1,Normal
2023-01-01 13:19:00,68.85788077092036,22.75947816272214,189.78259775372698,-1,Anomaly
2023-01-01 13:20:00,94.69482390322486,89.01789193769501,317.20232940738987,-1,Anomaly
2023-01-01 13:21:00,32.57503419108124,61.62271142023162,134.5744861116804,1,Normal
2023-01-01 13:22:00,46.535026341083814,61.509227186988355,107.20586065717694,1,Normal
2023-01-01 13:23:00,33.658030981891145,26.567078787260517,119.03191640656816,1,Normal
2023-01-01 13:24:00,46.36635090024977,51.87975902526267,149.9527544050593,1,Normal
2023-01-01 13:25:00,55.195941948140806,60.60929451444133,134.18086489085715,1,Normal
2023-01-01 13:26:00,17.42110811231205,50.98902472162659,162.3415522167548,1,Normal
2023-01-01 13:27:00,55.32971595648179,32.78727194848135,171.5834314367982,1,Normal
2023-01-01 13:28:00,74.41256781684145,31.194593099031117,123.9671549262184,1,Normal
2023-01-01 13:29:00,69.8426756090777,30.933500784702765,138.02559493602575,1,Normal
2023-01-01 13:30:00,24.036988677702023,47.913458476439004,137.85481274909196,1,Normal
2023-01-01 13:31:00,64.9091220652989,37.14831391935421,140.0744481574316,1,Normal
2023-01-01 13:32:00,19.425371135408955,46.29428861134701,179.2309877000345,1,Normal
2023-01-01 13:33:00,54.01900233924403,28.00087203403763,122.56525685322528,1,Normal
2023-01-01 13:34:00,38.20651181327004,44.27277580018439,136.07867383892312,1,Normal
2023-01-01 13:35:00,73.71456494840803,55.5816399281277,156.31916115809523,1,Normal
2023-01-01 13:36:00,71.22396324997513,44.981091259660374,100.6338190793127,-1,Anomaly
2023-01-01 13:37:00,29.69515069044591,67.49401878829732,197.0287236965811,-1,Anomaly
2023-01-01 13:38:00,58.256037341818754,58.267217075768045,180.30160623722514,1,Normal
2023-01-01 13:39:00,60.7818987692432,32.88842904382022,180.84426847387488,1,Normal
2023-01-01 13:40:00,58.34064994946481,28.809701128398412,149.0815682726951,1,Normal
2023-01-01 13:41:00,72.61963461959756,61.00592829613798,152.06350960667737,1,Normal
2023-01-01 13:42:00,58.548913768292216,26.551419698556682,186.09806189121326,1,Normal
2023-01-01 13:43:00,39.06451431792665,65.79052750032443,137.28043611413156,1,Normal
2023-01-01 13:44:00,79.44233974769385,59.354455689338195,180.24039208733217,1,Normal
2023-01-01 13:45:00,77.82294249245619,45.25322771935214,192.64257038713376,1,Normal
2023-01-01 13:46:00,37.7546365422065,23.343860999937515,193.38501003924202,1,Normal
2023-01-01 13:47:00,72.22049368348642,68.69450255777599,104.33270887104523,-1,Anomaly
2023-01-01 13:48:00,55.45530011872466,29.405919573974536,173.6812730406736,1,Normal
2023-01-01 13:49:00,20.468784763163264,48.07902753263192,120.49950229159293,1,Normal
2023-01-01 13:50:00,79.10874924191329,35.794832187986344,149.7041422147572,1,Normal
2023-01-01 13:51:00,41.05401046027883,34.055410063799904,113.76865977406885,1,Normal
2023-01-01 13:52:00,27.982810251585835,22.710776633751355,194.23737720147727,-1,Anomaly
2023-01-01 13:53:00,72.1110147153397,37.30082483041136,146.80247742632145,1,Normal
2023-01-01 13:54:00,16.348158092974504,32.38754895457461,152.0641862346913,1,Normal
2023-01-01 13:55:00,46.71150035817984,38.4380274157042,193.47481665624954,1,Normal
2023-01-01 13:56:00,17.177347878665735,27.782901411574233,156.6674511794237,1,Normal
2023-01-01 13:57:00,42.271167501924914,66.41475238146145,175.36994153784673,1,Normal
2023-01-01 13:58:00,77.09698341083762,25.71669205909089,104.98511957248662,-1,Anomaly
2023-01-01 13:59:00,42.45424502713074,49.983319775445544,184.88371525594866,1,Normal
2023-01-01 14:00:00,53.31795163563376,45.49159976565241,118.96294230116028,1,Normal
2023-01-01 14:01:00,55.85448363816405,49.05389623025891,150.07121280275732,1,Normal
2023-01-01 14:02:00,46.437103606791894,25.368797436379914,163.825204034056,1,Normal
2023-01-01 14:03:00,41.40335219004319,47.035312599534194,198.30765151216414,1,Normal
2023-01-01 14:04:00,36.830738539561665,56.7808956942278,127.82411785491762,1,Normal
2023-01-01 14:05:00,70.64375503746172,66.63146945524343,137.01281609388315,1,Normal
2023-01-01 14:06:00,43.881174563063844,64.81323167736562,166.41164721636113,1,Normal
2023-01-01 14:07:00,41.32081268290554,64.35072286729937,157.21651794905807,1,Normal
2023-01-01 14:08:00,71.05231583721431,61.79965589167172,136.38538303770733,1,Normal
2023-01-01 14:09:00,40.32518886173215,34.761768894967425,165.14977215563192,1,Normal
2023-01-01 14:10:00,59.98762023919976,34.32664360589758,112.54511339879946,1,Normal
2023-01-01 14:11:00,51.214339703141206,25.57001716005156,156.46378793644917,1,Normal
2023-01-01 14:12:00,60.430516657385525,24.471737957063187,158.3218188626577,1,Normal
2023-01-01 14:13:00,36.85183185869542,35.965185179998635,167.18700003659694,1,Normal
2023-01-01 14:14:00,13.549450881055053,25.213564542654108,121.93801477030978,-1,Anomaly
2023-01-01 14:15:00,61.05225371852151,31.088317529405533,147.44990880627122,1,Normal
2023-01-01 14:16:00,26.11944027224341,65.5806631161491,155.44300905676755,1,Normal
2023-01-01 14:17:00,71.50974009861874,55.430827012922734,165.32374300733863,1,Normal
2023-01-01 14:18:00,34.898011990218954,20.28042062639265,118.28746490068843,-1,Anomaly
2023-01-01 14:19:00,42.20487049841794,36.91099945680355,137.48494133566712,1,Normal
2023-01-01 14:20:00,21.692793766158665,43.09874288298734,100.57881141759847,1,Normal
2023-01-01 14:21:00,51.19556180485642,51.49150069442445,197.9014060709082,1,Normal
2023-01-01 14:22:00,49.91430061527049,38.34741031882257,145.0678446424792,1,Normal
2023-01-01 14:23:00,74.5789424141629,32.81130062878803,168.74845217319904,1,Normal
2023-01-01 14:24:00,19.33760936112588,39.68649836929131,149.91314991255723,1,Normal
2023-01-01 14:25:00,33.04242255104762,45.07676341260658,105.1267636572615,1,Normal
2023-01-01 14:26:00,30.17634331924606,53.30340103349015,184.14825279954215,1,Normal
2023-01-01 14:27:00,15.46827674978792,66.87070309503488,114.23336499044757,1,Normal
2023-01-01 14:28:00,32.28203640104189,66.37052335337101,149.4886616318674,1,Normal
2023-01-01 14:29:00,53.91419202419687,38.63523763405104,105.55033058700485,1,Normal
2023-01-01 14:30:00,78.34549385728296,58.212931647171324,189.36845183697338,1,Normal
2023-01-01 14:31:00,58.07421933468516,41.199741342229544,154.17279184862502,1,Normal
2023-01-01 14:32:00,37.95496930964471,31.394840858013456,193.43874979788058,1,Normal
2023-01-01 14:33:00,10.08478085705047,23.383767506105812,190.9978493375218,-1,Anomaly
2023-01-01 14:34:00,61.040724410650114,46.4331542679667,127.1926022212835,1,Normal
2023-01-01 14:35:00,19.28388583588125,41.54770061758447,117.82704059807094,1,Normal
2023-01-01 14:36:00,77.92621488657305,66.17674304029279,155.78957617930726,1,Normal
2023-01-01 14:37:00,25.394238059571176,60.46713677547603,120.62245760678753,1,Normal
2023-01-01 14:38:00,24.154273912249295,68.09347914391432,142.275193919066,1,Normal
2023-01-01 14:39:00,34.91675755938435,69.86099929675294,138.33263424119156,1,Normal
2023-01-01 14:40:00,75.9725715535943,56.25296789764339,196.38351704892727,1,Normal
2023-01-01 14:41:00,73.64353343000596,27.73113621466588,126.62976396767391,1,Normal
2023-01-01 14:42:00,31.455025746725404,60.54828475343935,137.2255878315006,1,Normal
2023-01-01 14:43:00,47.64641275745579,35.023815315525034,166.07672893585914,1,Normal
2023-01-01 14:44:00,60.46211508328808,61.5074801754693,167.3246956894862,1,Normal
2023-01-01 14:45:00,77.4331164336219,34.851273818250334,178.81601858898145,1,Normal
2023-01-01 14:46:00,18.750398897600114,28.992530627965117,112.53819613059407,1,Normal
2023-01-01 14:47:00,59.09895063975399,65.0138501042345,157.2880661268368,1,Normal
2023-01-01 14:48:00,57.34877630756996,25.793877666346226,147.84806138304566,1,Normal
2023-01-01 14:49:00,12.811989151680912,22.573366487626423,101.8735981343735,-1,Anomaly
2023-01-01 14:50:00,55.462788259387004,47.5938149983817,120.13618963210187,1,Normal
2023-01-01 14:51:00,26.999138296735183,43.766153187602136,127.84412463818849,1,Normal
2023-01-01 14:52:00,60.510525072353715,41.7098894575762,137.84442495201586,1,Normal
2023-01-01 14:53:00,66.44459741422338,30.685491478058353,104.86480853773,1,Normal
2023-01-01 14:54:00,78.6808727281155,64.11906353978316,119.5075097221527,1,Normal
2023-01-01 14:55:00,15.986507190453665,46.90675117217087,159.16396997973447,1,Normal
2023-01-01 14:56:00,61.54011263314427,36.459870111897544,137.86235060614723,1,Normal
2023-01-01 14:57:00,41.54035368679569,66.12474902235675,146.70762790945236,1,Normal
2023-01-01 14:58:00,54.3052587584365,27.065263063278984,144.16566638096575,1,Normal
2023-01-01 14:59:00,64.14421812663295,62.586456229028045,159.99603184846256,1,Normal
2023-01-01 15:00:00,97.37463103659918,79.19653689595857,292.78407206482586,-1,Anomaly
2023-01-01 15:01:00,22.9288031030569,32.2785732489005,192.94793192663735,1,Normal
2023-01-01 15:02:00,23.89878080753654,42.688542548809636,127.14168177485129,1,Normal
2023-01-01 15:03:00,16.832876116861236,32.73921450596612,173.20970522358576,1,Normal
2023-01-01 15:04:00,79.30323990109356,32.13322299931524,142.8474941628323,1,Normal
2023-01-01 15:05:00,13.293937061910999,38.04254075223093,128.44534253059493,1,Normal
2023-01-01 15:06:00,13.533720251009019,49.06197544023474,183.4022803983575,1,Normal
2023-01-01 15:07:00,76.15990258196119,53.543712732966725,144.72213673732858,1,Normal
2023-01-01 15:08:00,79.08096165036552,38.80711381979744,174.27958523448729,1,Normal
2023-01-01 15:09:00,65.283831948418,65.5357559914869,117.53594759979853,1,Normal
2023-01-01 15:10:00,75.57905453499274,29.572480493390557,106.53474975711632,-1,Anomaly
2023-01-01 15:11:00,36.62453274511389,64.65593507363519,184.7517442778307,1,Normal
2023-01-01 15:12:00,68.44553174680482,32.15245328038991,159.892771907056,1,Normal
2023-01-01 15:13:00,13.757218291901628,60.02887714659463,154.39858548335724,1,Normal
2023-01-01 15:14:00,54.21260416927473,42.59221549518284,116.23060139633094,1,Normal
2023-01-01 15:15:00,53.32389414456352,67.46766860984793,145.27377866704336,1,Normal
2023-01-01 15:16:00,61.36598263452278,20.275109323298512,138.04742281307415,1,Normal
2023-01-01 15:17:00,75.70901790659995,24.858708955950874,197.48890170530052,-1,Anomaly
2023-01-01 15:18:00,71.02901287379564,53.41730610066578,173.0599381492758,1,Normal
2023-01-01 15:19:00,59.826065030013424,59.31380674816156,107.07645968248691,1,Normal
2023-01-01 15:20:00,71.54173429375967,50.220478461397576,190.8047599734179,1,Normal
2023-01-01 15:21:00,65.48415104544348,44.9412480020102,178.52910044577334,1,Normal
2023-01-01 15:22:00,78.40646898915125,20.99472615757949,119.31231934277167,-1,Anomaly
2023-01-01 15:23:00,47.41703027941931,60.779935421468934,131.06701682252836,1,Normal
2023-01-01 15:24:00,45.297326273588205,33.292595783858,141.8078698110398,1,Normal
2023-01-01 15:25:00,51.85341852184954,45.58644222471604,142.95874007813975,1,Normal
2023-01-01 15:26:00,59.223692068214554,69.16423313890155,135.95181226136734,1,Normal
2023-01-01 15:27:00,78.20314956312536,38.929945007219004,169.59042194047427,1,Normal
2023-01-01 15:28:00,48.487418442361076,37.544077575197896,189.40413703635267,1,Normal
2023-01-01 15:29:00,79.93599806838398,61.63521419227107,125.21281691153378,1,Normal
2023-01-01 15:30:00,67.5382073687575,68.50529983515422,152.7775286007792,1,Normal
2023-01-01 15:31:00,27.961431338168076,56.94581076866154,188.99222448635078,1,Normal
2023-01-01 15:32:00,23.958460597470335,57.960183997079746,168.1896746804864,1,Normal
2023-01-01 15:33:00,28.521326482488433,33.280092254112816,103.66163359223007,1,Normal
2023-01-01 15:34:00,30.456711916342186,34.13937300147997,137.95309136831594,1,Normal
2023-01-01 15:35:00,66.53746271730071,56.047505080659946,175.5949653306168,1,Normal
2023-01-01 15:36:00,51.77662021996688,68.09187586397198,131.72033462493985,1,Normal
2023-01-01 15:37:00,37.188389009277316,62.31391860829757,122.3412175071046,1,Normal
2023-01-01 15:38:00,10.428052311017643,29.289969798603625,119.29903557641916,-1,Anomaly
2023-01-01 15:39:00,77.84058730411033,41.82710396292192,198.05826265269968,-1,Anomaly
2023-01-01 15:40:00,35.09722671989372,60.96647132960138,194.43010945251092,1,Normal
2023-01-01 15:41:00,19.597841057223228,64.66592223109421,144.69614748288956,1,Normal
2023-01-01 15:42:00,68.23696592933197,35.41157449588616,113.50522167677788,1,Normal
2023-01-01 15:43:00,29.00981055686011,44.21746148371231,132.63398084702158,1,Normal
2023-01-01 15:44:00,45.45541326509765,60.30267106502564,147.13221752490125,1,Normal
2023-01-01 15:45:00,77.20688824406898,27.23705392252981,187.74992511974318,-1,Anomaly
2023-01-01 15:46:00,33.82311015136045,35.49646074665284,174.51020879145062,1,Normal
2023-01-01 15:47:00,44.94152823888163,34.58656263553331,170.65967994213054,1,Normal
2023-01-01 15:48:00,15.711783807079556,40.77526723090039,150.82783487854468,1,Normal
2023-01-01 15:49:00,12.62373469529669,23.10367295187126,181.78576494313,-1,Anomaly
2023-01-01 15:50:00,65.73164999848984,64.45076440562302,184.24925143497518,1,Normal
2023-01-01 15:51:00,67.62828407522605,68.95418965238589,146.1105849565564,1,Normal
2023-01-01 15:52:00,35.000331642569016,50.212564366011584,173.46440521767295,1,Normal
2023-01-01 15:53:00,65.67810179202382,31.0208313027314,147.59773095812596,1,Normal
2023-01-01 15:54:00,23.116948414780353,34.851048464814106,199.26176304101256,-1,Anomaly
2023-01-01 15:55:00,58.93524262057251,56.18265451104682,133.9572927911248,1,Normal
2023-01-01 15:56:00,32.74832556702405,23.557851763142427,165.35652828660483,1,Normal
2023-01-01 15:57:00,19.16824603951447,60.17441276237726,163.49836896726396,1,Normal
2023-01-01 15:58:00,59.95011851435702,54.355483458170475,160.53799906359262,1,Normal
2023-01-01 15:59:00,58.27981494710262,56.88072398680549,149.29710981094837,1,Normal
2023-01-01 16:00:00,59.9585385342924,28.443944535594294,156.2348031753568,1,Normal
2023-01-01 16:01:00,33.69311205022987,25.33676417819769,146.50460934873936,1,Normal
2023-01-01 16:02:00,69.66626483792845,53.24794030331738,197.02796371198025,1,Normal
2023-01-01 16:03:00,59.20585048477518,29.36668006182827,144.63735804931486,1,Normal
2023-01-01 16:04:00,57.33055587106653,49.30493345572186,172.22676086102962,1,Normal
2023-01-01 16:05:00,30.623903907777883,47.085538309959574,157.97129147037,1,Normal
2023-01-01 16:06:00,70.0987939182108,47.60888029644662,136.85142578979247,1,Normal
2023-01-01 16:07:00,10.703948116582144,50.86715705964947,137.5701699426304,1,Normal
2023-01-01 16:08:00,62.395145916141445,34.532056184050234,144.4016759268338,1,Normal
2023-01-01 16:09:00,35.7891945716289,30.39619680566372,149.56562693868688,1,Normal
2023-01-01 16:10:00,63.34274656011868,56.85009019030036,148.49206898898478,1,Normal
2023-01-01 16:11:00,10.856770225265596,47.432420451673465,197.5010970327055,-1,Anomaly
2023-01-01 16:12:00,68.73014924521884,53.81497977628076,106.49476313256126,1,Normal
2023-01-01 16:13:00,49.63722963638986,42.85998554907659,193.20065728348587,1,Normal
2023-01-01 16:14:00,21.435626264965556,21.587062962423484,113.68280156382747,-1,Anomaly
2023-01-01 16:15:00,57.86435882453528,48.066295331849474,181.3321411806532,1,Normal
2023-01-01 16:16:00,11.150745289302774,25.983086957657513,163.3574823229705,1,Normal
2023-01-01 16:17:00,44.78140455240507,61.45311754343844,187.2409802648512,1,Normal
2023-01-01 16:18:00,27.5138685833442,26.959741611661805,100.91585053768148,1,Normal
2023-01-01 16:19:00,40.8124746861621,47.3707600369039,164.38545086082848,1,Normal
2023-01-01 16:20:00,33.48990790882152,48.55659092088577,101.17819789458872,1,Normal
2023-01-01 16:21:00,19.88780507524519,33.56533196103689,112.32888632176619,1,Normal
2023-01-01 16:22:00,56.08250569967501,43.065362518333686,192.76097715018784,1,Normal
2023-01-01 16:23:00,23.033284191506617,65.99634860072435,146.7668585345756,1,Normal
2023-01-01 16:24:00,32.641265075259895,37.87757115111475,106.28339278786798,1,Normal
2023-01-01 16:25:00,10.612967189865174,49.608108635741,135.88190252193021,1,Normal
2023-01-01 16:26:00,60.291398320696494,51.50494736353882,109.66347996920064,1,Normal
2023-01-01 16:27:00,33.96520755705926,49.012508724502595,187.1423743397253,1,Normal
2023-01-01 16:28:00,55.83095662956285,53.329177543932765,187.79048651260234,1,Normal
2023-01-01 16:29:00,13.99607111174676,57.11902381990258,170.1231860371699,1,Normal
2023-01-01 16:30:00,17.147275339501217,43.44930476001309,186.3784563200433,1,Normal
2023-01-01 16:31:00,73.44093462082839,33.094190647532756,194.3579747388198,1,Normal
2023-01-01 16:32:00,53.66325002387043,55.20255438885332,180.7950612242687,1,Normal
2023-01-01 16:33:00,71.17152710530159,35.00802261842068,193.67791396250104,1,Normal
2023-01-01 16:34:00,73.1213086734032,53.30889630490637,149.2891636682834,1,Normal
2023-01-01 16:35:00,50.782908334942974,60.65402166328003,156.19798233015078,1,Normal
2023-01-01 16:36:00,39.154811847242904,41.587063854697405,101.04076910567278,1,Normal
2023-01-01 16:37:00,14.2847199862962,26.269534968084095,197.86950634127425,-1,Anomaly
2023-01-01 16:38:00,15.495849262747955,64.19845191383787,127.50487434683969,1,Normal
2023-01-01 16:39:00,52.037997632955495,64.59556191247947,165.97459588880386,1,Normal
